 Data Report, ,,,,,,
 Note:All times shown are based on UTC -04:00 and 24-Hour clock [YYYY/MM/DD HH:MM:SS], ,,,,,,
 File Created Time:,10/8/2025 13:40,,,,,,
 ,,,,,,,
 Device Information, ,,,,,,
 Device Model:,BlueTag TH20, , , Firmware Version:,LCD_REUSE_TH_V2.1.5, ,
 Serial Number:,240900213U, , , Log Interval:,10min, ,
 Stop Mode:,APP, , , Start Delay:,0min,,
 Probe Type:,INNER, , , Device name:,RS L3a ,,
 Start time:,6/9/2025 14:51, , , Data Points:,1636, ,
 Stop Time:,6/20/2025 23:21, , , Elaspsed Time:,11d8h30min,,
 Last Time:,6/20/2025 23:21,,,,,,
 ,,,,,,,
 Logging Summary, ,,,,,,
 Highest Temperature:, 41.9?,6/18/2025 16:01, , Highest Humidity:,99.10%,6/18/2025 5:51, 
 Lowest Temperature:, 8.3?,6/11/2025 5:11, ,Lowest Humidity:,29.10%,6/12/2025 15:01, 
 Average Temperature:, 22.0?, , , Average Humidity:,75.60%, ,
 Mean Kinetic Temperature:, 25.0?, , ,,,,
 ,,,,,,,
 YYYY/MM/DD, HH:MM:SS, Temperature(?),TemperatureStatus,Humidity(%RH),HumidityStatus,,
 2025/06/09, 14:51:57,29.5,,55.3,,,
 2025/06/09, 15:01:57,28.4,,58.7,,,
 2025/06/09, 15:11:57,32,,55.9,,,
 2025/06/09, 15:21:57,33.4,,50,,,
 2025/06/09, 15:31:57,29.6,,55.4,,,
 2025/06/09, 15:41:57,31.3,,53.7,,,
 2025/06/09, 15:51:57,29.8,,55.4,,,
 2025/06/09, 16:01:57,27.1,,62.5,,,
 2025/06/09, 16:11:57,27.6,,63.1,,,
 2025/06/09, 16:21:57,28,,63.3,,,
 2025/06/09, 16:31:57,29,,58.4,,,
 2025/06/09, 16:41:57,30,,58.3,,,
 2025/06/09, 16:51:57,32.2,,54.2,,,
 2025/06/09, 17:01:57,31.8,,51.6,,,
 2025/06/09, 17:11:57,32.6,,50.8,,,
 2025/06/09, 17:21:57,32.3,,50.3,,,
 2025/06/09, 17:31:57,30.2,,52.8,,,
 2025/06/09, 17:41:57,30.7,,52.8,,,
 2025/06/09, 17:51:57,31,,51,,,
 2025/06/09, 18:01:57,30.8,,52.7,,,
 2025/06/09, 18:11:57,28.5,,57,,,
 2025/06/09, 18:21:57,27.2,,60.4,,,
 2025/06/09, 18:31:57,27.1,,61.8,,,
 2025/06/09, 18:41:57,25.7,,66.1,,,
 2025/06/09, 18:51:57,24.9,,68.3,,,
 2025/06/09, 19:01:57,24.9,,66.8,,,
 2025/06/09, 19:11:57,24.8,,66,,,
 2025/06/09, 19:21:57,24.1,,67.5,,,
 2025/06/09, 19:31:57,23.2,,71.6,,,
 2025/06/09, 19:41:57,23,,74.7,,,
 2025/06/09, 19:51:57,22.9,,73.1,,,
 2025/06/09, 20:01:57,22.3,,75.3,,,
 2025/06/09, 20:11:57,21.7,,80,,,
 2025/06/09, 20:21:57,20.9,,83.5,,,
 2025/06/09, 20:31:57,19.7,,82.9,,,
 2025/06/09, 20:41:57,19,,83.5,,,
 2025/06/09, 20:51:57,19,,83.2,,,
 2025/06/09, 21:01:57,18.8,,85.3,,,
 2025/06/09, 21:11:57,18.6,,88.6,,,
 2025/06/09, 21:21:57,18.5,,88.8,,,
 2025/06/09, 21:31:57,18.4,,88.1,,,
 2025/06/09, 21:41:57,18.3,,90.7,,,
 2025/06/09, 21:51:57,18.2,,88.5,,,
 2025/06/09, 22:01:57,18.4,,89.2,,,
 2025/06/09, 22:11:57,18.5,,88.1,,,
 2025/06/09, 22:21:57,18.3,,89.3,,,
 2025/06/09, 22:31:57,18.1,,89.9,,,
 2025/06/09, 22:41:57,18.4,,90.5,,,
 2025/06/09, 22:51:57,18.3,,90.2,,,
 2025/06/09, 23:01:57,18.3,,92,,,
 2025/06/09, 23:11:57,18.5,,90.8,,,
 2025/06/09, 23:21:57,18.4,,90.8,,,
 2025/06/09, 23:31:57,18.2,,91.2,,,
 2025/06/09, 23:41:57,17.9,,91.5,,,
 2025/06/09, 23:51:57,17.7,,91.8,,,
 2025/06/10, 00:01:57,17.5,,92.7,,,
 2025/06/10, 00:11:57,17.6,,95.7,,,
 2025/06/10, 00:21:57,17.4,,93.9,,,
 2025/06/10, 00:31:57,17.2,,93.8,,,
 2025/06/10, 00:41:57,17.1,,94.1,,,
 2025/06/10, 00:51:57,17.1,,94.6,,,
 2025/06/10, 01:01:57,17.1,,94.6,,,
 2025/06/10, 01:11:57,17,,94.6,,,
 2025/06/10, 01:21:57,17,,94,,,
 2025/06/10, 01:31:57,16.9,,94.4,,,
 2025/06/10, 01:41:57,16.9,,93.6,,,
 2025/06/10, 01:51:57,16.9,,93.1,,,
 2025/06/10, 02:01:57,17.2,,93,,,
 2025/06/10, 02:11:57,17.5,,93.1,,,
 2025/06/10, 02:21:57,17.7,,92.1,,,
 2025/06/10, 02:31:57,17.8,,91.1,,,
 2025/06/10, 02:41:57,17.8,,90.8,,,
 2025/06/10, 02:51:57,17.8,,91,,,
 2025/06/10, 03:01:57,17.7,,92.1,,,
 2025/06/10, 03:11:57,17.3,,93.1,,,
 2025/06/10, 03:21:57,17.2,,93.8,,,
 2025/06/10, 03:31:57,17.2,,94.3,,,
 2025/06/10, 03:41:57,17.3,,94.7,,,
 2025/06/10, 03:51:57,17.2,,94.7,,,
 2025/06/10, 04:01:57,17.2,,94.8,,,
 2025/06/10, 04:11:57,17.2,,95,,,
 2025/06/10, 04:21:57,17.1,,95.3,,,
 2025/06/10, 04:31:57,16.9,,95,,,
 2025/06/10, 04:41:57,16.8,,95.3,,,
 2025/06/10, 04:51:57,16.6,,95.2,,,
 2025/06/10, 05:01:57,16.5,,95.3,,,
 2025/06/10, 05:11:57,16.5,,95.5,,,
 2025/06/10, 05:21:57,16.4,,95.6,,,
 2025/06/10, 05:31:57,16.4,,95.7,,,
 2025/06/10, 05:41:57,16.4,,95.8,,,
 2025/06/10, 05:51:57,16.4,,95.8,,,
 2025/06/10, 06:01:57,16.6,,95.9,,,
 2025/06/10, 06:11:57,16.6,,95.8,,,
 2025/06/10, 06:21:57,16.6,,95.9,,,
 2025/06/10, 06:31:57,16.7,,95.8,,,
 2025/06/10, 06:41:57,16.8,,95.6,,,
 2025/06/10, 06:51:57,17.1,,95.2,,,
 2025/06/10, 07:01:57,17.6,,94.4,,,
 2025/06/10, 07:11:57,18.5,,93.3,,,
 2025/06/10, 07:21:57,20.7,,89.2,,,
 2025/06/10, 07:31:57,20.5,,86.2,,,
 2025/06/10, 07:41:57,20.3,,86,,,
 2025/06/10, 07:51:57,20.3,,86.1,,,
 2025/06/10, 08:01:57,20,,84.7,,,
 2025/06/10, 08:11:57,22.6,,82,,,
 2025/06/10, 08:21:57,25.7,,71.2,,,
 2025/06/10, 08:31:57,25.8,,68.4,,,
 2025/06/10, 08:41:57,27.6,,60.8,,,
 2025/06/10, 08:51:57,27.4,,58.1,,,
 2025/06/10, 09:01:57,26.4,,63.4,,,
 2025/06/10, 09:11:57,27.8,,59.4,,,
 2025/06/10, 09:21:57,29,,55.2,,,
 2025/06/10, 09:31:57,27,,61,,,
 2025/06/10, 09:41:57,28.3,,55.9,,,
 2025/06/10, 09:51:57,29.7,,54.2,,,
 2025/06/10, 10:01:57,29.3,,52,,,
 2025/06/10, 10:11:57,29.3,,52.9,,,
 2025/06/10, 10:21:57,30.3,,49.3,,,
 2025/06/10, 10:31:57,30.4,,49.5,,,
 2025/06/10, 10:41:57,29.7,,51.6,,,
 2025/06/10, 10:51:57,30.8,,46.8,,,
 2025/06/10, 11:01:57,32,,45.6,,,
 2025/06/10, 11:11:57,32,,42.1,,,
 2025/06/10, 11:21:57,31.9,,42.2,,,
 2025/06/10, 11:31:57,27.3,,48.5,,,
 2025/06/10, 11:41:57,31.8,,44.8,,,
 2025/06/10, 11:51:57,29.9,,45.4,,,
 2025/06/10, 12:01:57,28,,45.5,,,
 2025/06/10, 12:11:57,25.9,,51.6,,,
 2025/06/10, 12:21:57,25.4,,53,,,
 2025/06/10, 12:31:57,29.9,,43.8,,,
 2025/06/10, 12:41:57,32.8,,39.5,,,
 2025/06/10, 12:51:57,33.8,,39.5,,,
 2025/06/10, 13:01:57,34,,38.5,,,
 2025/06/10, 13:11:57,33.9,,35.2,,,
 2025/06/10, 13:21:57,34.9,,32.1,,,
 2025/06/10, 13:31:57,29.8,,39.4,,,
 2025/06/10, 13:41:57,30.2,,38.9,,,
 2025/06/10, 13:51:57,28.9,,41.8,,,
 2025/06/10, 14:01:57,32.3,,37.9,,,
 2025/06/10, 14:11:57,28.2,,42.4,,,
 2025/06/10, 14:21:57,24.9,,48.8,,,
 2025/06/10, 14:31:57,26,,50.7,,,
 2025/06/10, 14:41:57,24.3,,53.9,,,
 2025/06/10, 14:51:57,22.1,,58.7,,,
 2025/06/10, 15:01:57,21,,63.6,,,
 2025/06/10, 15:11:57,20.8,,64.4,,,
 2025/06/10, 15:21:57,22.8,,63.8,,,
 2025/06/10, 15:31:57,24,,57,,,
 2025/06/10, 15:41:57,23.3,,59.3,,,
 2025/06/10, 15:51:57,23.5,,59.6,,,
 2025/06/10, 16:01:57,26,,57.2,,,
 2025/06/10, 16:11:57,30,,45.5,,,
 2025/06/10, 16:21:57,30.7,,42,,,
 2025/06/10, 16:31:57,29.4,,45,,,
 2025/06/10, 16:41:57,25.2,,51.7,,,
 2025/06/10, 16:51:57,23.7,,55,,,
 2025/06/10, 17:01:57,26.5,,52.7,,,
 2025/06/10, 17:11:57,29.8,,45.2,,,
 2025/06/10, 17:21:57,30.3,,42.4,,,
 2025/06/10, 17:31:57,30.1,,41.9,,,
 2025/06/10, 17:41:57,29.5,,42.5,,,
 2025/06/10, 17:51:57,29.5,,43.1,,,
 2025/06/10, 18:01:57,29.7,,43.7,,,
 2025/06/10, 18:11:57,29.4,,43,,,
 2025/06/10, 18:21:57,28.3,,43.3,,,
 2025/06/10, 18:31:57,28.3,,46.4,,,
 2025/06/10, 18:41:57,28,,45.1,,,
 2025/06/10, 18:51:57,28.4,,45.6,,,
 2025/06/10, 19:01:57,26.5,,44.5,,,
 2025/06/10, 19:11:57,26.2,,46.5,,,
 2025/06/10, 19:21:57,25.6,,46.4,,,
 2025/06/10, 19:31:57,24.4,,47.4,,,
 2025/06/10, 19:41:57,23.8,,48.9,,,
 2025/06/10, 19:51:57,22.5,,49.9,,,
 2025/06/10, 20:01:57,20.6,,53.9,,,
 2025/06/10, 20:11:57,19.3,,57,,,
 2025/06/10, 20:21:57,18.3,,59.8,,,
 2025/06/10, 20:31:57,16.9,,71.9,,,
 2025/06/10, 20:41:57,15.5,,75.8,,,
 2025/06/10, 20:51:57,14.5,,79.9,,,
 2025/06/10, 21:01:57,13.9,,81,,,
 2025/06/10, 21:11:57,13.3,,81.9,,,
 2025/06/10, 21:21:57,12.6,,85.7,,,
 2025/06/10, 21:31:57,12.1,,86,,,
 2025/06/10, 21:41:57,11.9,,86.3,,,
 2025/06/10, 21:51:57,11.8,,88.3,,,
 2025/06/10, 22:01:57,11.8,,89,,,
 2025/06/10, 22:11:57,11.6,,88.6,,,
 2025/06/10, 22:21:57,11.5,,89.2,,,
 2025/06/10, 22:31:57,11.4,,89.5,,,
 2025/06/10, 22:41:57,11.5,,90.3,,,
 2025/06/10, 22:51:57,11.4,,89.7,,,
 2025/06/10, 23:01:57,11.5,,90.6,,,
 2025/06/10, 23:11:57,11.1,,90,,,
 2025/06/10, 23:21:57,10.9,,90.3,,,
 2025/06/10, 23:31:57,10.8,,90.9,,,
 2025/06/10, 23:41:57,10.6,,91.2,,,
 2025/06/10, 23:51:57,10.5,,91.1,,,
 2025/06/11, 00:01:57,10.4,,91.2,,,
 2025/06/11, 00:11:57,10.3,,91.4,,,
 2025/06/11, 00:21:57,10.2,,91.5,,,
 2025/06/11, 00:31:57,10.3,,92.3,,,
 2025/06/11, 00:41:57,10.2,,92.4,,,
 2025/06/11, 00:51:57,10,,92.4,,,
 2025/06/11, 01:01:57,9.8,,92.5,,,
 2025/06/11, 01:11:57,9.7,,92.9,,,
 2025/06/11, 01:21:57,9.6,,93.8,,,
 2025/06/11, 01:31:57,9.5,,93.3,,,
 2025/06/11, 01:41:57,9.4,,93.8,,,
 2025/06/11, 01:51:57,9.3,,93.6,,,
 2025/06/11, 02:01:57,9.3,,93.7,,,
 2025/06/11, 02:11:57,9.2,,94.6,,,
 2025/06/11, 02:21:57,9.1,,94.1,,,
 2025/06/11, 02:31:57,9.1,,94.1,,,
 2025/06/11, 02:41:57,9,,94.2,,,
 2025/06/11, 02:51:57,9,,94.2,,,
 2025/06/11, 03:01:57,9,,94.4,,,
 2025/06/11, 03:11:57,9,,94.4,,,
 2025/06/11, 03:21:57,9.2,,94.9,,,
 2025/06/11, 03:31:57,9.3,,94.7,,,
 2025/06/11, 03:41:57,8.9,,94.6,,,
 2025/06/11, 03:51:57,8.8,,94.7,,,
 2025/06/11, 04:01:57,8.7,,94.6,,,
 2025/06/11, 04:11:57,8.6,,95.1,,,
 2025/06/11, 04:21:57,8.7,,95.2,,,
 2025/06/11, 04:31:57,8.7,,95.2,,,
 2025/06/11, 04:41:57,8.7,,95.3,,,
 2025/06/11, 04:51:57,8.6,,95.3,,,
 2025/06/11, 05:01:57,8.4,,95.4,,,
 2025/06/11, 05:11:57,8.3,,95.5,,,
 2025/06/11, 05:21:57,8.3,,95.7,,,
 2025/06/11, 05:31:57,8.3,,95.6,,,
 2025/06/11, 05:41:57,8.3,,95.6,,,
 2025/06/11, 05:51:57,8.6,,95.8,,,
 2025/06/11, 06:01:57,8.8,,95.8,,,
 2025/06/11, 06:11:57,9.2,,95.7,,,
 2025/06/11, 06:21:57,9.8,,95.5,,,
 2025/06/11, 06:31:57,11.2,,94.2,,,
 2025/06/11, 06:41:57,12,,92,,,
 2025/06/11, 06:51:57,13.2,,90.4,,,
 2025/06/11, 07:01:57,15.3,,86.2,,,
 2025/06/11, 07:11:57,16.7,,81.7,,,
 2025/06/11, 07:21:57,18.9,,77.6,,,
 2025/06/11, 07:31:57,20.4,,72.8,,,
 2025/06/11, 07:41:57,20.8,,68.6,,,
 2025/06/11, 07:51:57,20.9,,66.8,,,
 2025/06/11, 08:01:57,21.3,,66.3,,,
 2025/06/11, 08:11:57,22.3,,66.4,,,
 2025/06/11, 08:21:57,23.7,,61.9,,,
 2025/06/11, 08:31:57,25,,59.7,,,
 2025/06/11, 08:41:57,25.7,,57.3,,,
 2025/06/11, 08:51:57,27.1,,54.8,,,
 2025/06/11, 09:01:57,28.3,,50,,,
 2025/06/11, 09:11:57,27.9,,48,,,
 2025/06/11, 09:21:57,27.9,,48.1,,,
 2025/06/11, 09:31:57,28,,47.4,,,
 2025/06/11, 09:41:57,28.7,,44.4,,,
 2025/06/11, 09:51:57,28.9,,45.8,,,
 2025/06/11, 10:01:57,28.5,,45.5,,,
 2025/06/11, 10:11:57,29.1,,46,,,
 2025/06/11, 10:21:57,31,,43.1,,,
 2025/06/11, 10:31:57,31.6,,43,,,
 2025/06/11, 10:41:57,31.3,,42.8,,,
 2025/06/11, 10:51:57,31.8,,41.9,,,
 2025/06/11, 11:01:57,33.1,,40.2,,,
 2025/06/11, 11:11:57,32.8,,37.4,,,
 2025/06/11, 11:21:57,33.4,,38.3,,,
 2025/06/11, 11:31:57,34.6,,38.6,,,
 2025/06/11, 11:41:57,35.1,,36.4,,,
 2025/06/11, 11:51:57,34.9,,36.5,,,
 2025/06/11, 12:01:57,33.8,,36.2,,,
 2025/06/11, 12:11:57,34.7,,34.4,,,
 2025/06/11, 12:21:57,34.9,,32.2,,,
 2025/06/11, 12:31:57,34.6,,34.4,,,
 2025/06/11, 12:41:57,34.6,,33.2,,,
 2025/06/11, 12:51:57,36.1,,34.2,,,
 2025/06/11, 13:01:57,35.8,,32.3,,,
 2025/06/11, 13:11:57,35.9,,32.5,,,
 2025/06/11, 13:21:57,35.5,,32,,,
 2025/06/11, 13:31:57,35.8,,33.5,,,
 2025/06/11, 13:41:57,35.3,,32.6,,,
 2025/06/11, 13:51:57,35.4,,32.1,,,
 2025/06/11, 14:01:57,35.2,,30.5,,,
 2025/06/11, 14:11:57,35,,32.1,,,
 2025/06/11, 14:21:57,35.5,,32.7,,,
 2025/06/11, 14:31:57,35.8,,31,,,
 2025/06/11, 14:41:57,36.2,,32.3,,,
 2025/06/11, 14:51:57,35.2,,32.9,,,
 2025/06/11, 15:01:57,35.4,,31.3,,,
 2025/06/11, 15:11:57,35,,31.6,,,
 2025/06/11, 15:21:57,34.9,,31.1,,,
 2025/06/11, 15:31:57,36,,29.7,,,
 2025/06/11, 15:41:57,36.2,,31,,,
 2025/06/11, 15:51:57,35.8,,30.2,,,
 2025/06/11, 16:01:57,33.7,,32.8,,,
 2025/06/11, 16:11:57,33,,32.3,,,
 2025/06/11, 16:21:57,33.8,,33.2,,,
 2025/06/11, 16:31:57,33.3,,33.5,,,
 2025/06/11, 16:41:57,33.6,,33.7,,,
 2025/06/11, 16:51:57,34.1,,32.9,,,
 2025/06/11, 17:01:57,35.2,,32.7,,,
 2025/06/11, 17:11:57,34.4,,32.1,,,
 2025/06/11, 17:21:57,34.4,,32.4,,,
 2025/06/11, 17:31:57,33.8,,34,,,
 2025/06/11, 17:41:57,33.6,,32.2,,,
 2025/06/11, 17:51:57,32.9,,33.3,,,
 2025/06/11, 18:01:57,32.4,,33.1,,,
 2025/06/11, 18:11:57,32.3,,34.3,,,
 2025/06/11, 18:21:57,31.7,,35,,,
 2025/06/11, 18:31:57,31.5,,37.4,,,
 2025/06/11, 18:41:57,31.3,,36.4,,,
 2025/06/11, 18:51:57,30.6,,37.7,,,
 2025/06/11, 19:01:57,29.1,,39.8,,,
 2025/06/11, 19:11:57,28.8,,41.7,,,
 2025/06/11, 19:21:57,28.3,,42.6,,,
 2025/06/11, 19:31:57,27.7,,45.7,,,
 2025/06/11, 19:41:57,26.5,,51,,,
 2025/06/11, 19:51:57,25,,53.7,,,
 2025/06/11, 20:01:57,23.1,,56.3,,,
 2025/06/11, 20:11:57,22.2,,55.5,,,
 2025/06/11, 20:21:57,21.5,,56.2,,,
 2025/06/11, 20:31:57,20.9,,56.6,,,
 2025/06/11, 20:41:57,20.2,,57.7,,,
 2025/06/11, 20:51:57,19.6,,61,,,
 2025/06/11, 21:01:57,18.8,,64.7,,,
 2025/06/11, 21:11:57,17.7,,69.1,,,
 2025/06/11, 21:21:57,16.5,,73.4,,,
 2025/06/11, 21:31:57,15.9,,82.4,,,
 2025/06/11, 21:41:57,16.1,,84.2,,,
 2025/06/11, 21:51:57,15.5,,83.8,,,
 2025/06/11, 22:01:57,15.6,,89.9,,,
 2025/06/11, 22:11:57,15.5,,85.6,,,
 2025/06/11, 22:21:57,15.2,,86.8,,,
 2025/06/11, 22:31:57,14.7,,86.7,,,
 2025/06/11, 22:41:57,14.3,,87.1,,,
 2025/06/11, 22:51:57,14.1,,88.5,,,
 2025/06/11, 23:01:57,14,,89,,,
 2025/06/11, 23:11:57,14,,90.2,,,
 2025/06/11, 23:21:57,14.3,,89.1,,,
 2025/06/11, 23:31:57,14.4,,89.9,,,
 2025/06/11, 23:41:57,14.8,,89.9,,,
 2025/06/11, 23:51:57,14.5,,89.1,,,
 2025/06/12, 00:01:57,14.2,,88.6,,,
 2025/06/12, 00:11:57,13.8,,89.4,,,
 2025/06/12, 00:21:57,13.5,,89.4,,,
 2025/06/12, 00:31:57,13.3,,90.5,,,
 2025/06/12, 00:41:57,13.3,,91.2,,,
 2025/06/12, 00:51:57,13.4,,91.8,,,
 2025/06/12, 01:01:57,13.2,,91.6,,,
 2025/06/12, 01:11:57,13.6,,92.8,,,
 2025/06/12, 01:21:57,13.4,,91.8,,,
 2025/06/12, 01:31:57,13.4,,92.8,,,
 2025/06/12, 01:41:57,13.5,,94.4,,,
 2025/06/12, 01:51:57,13.5,,92.4,,,
 2025/06/12, 02:01:57,13.6,,92.9,,,
 2025/06/12, 02:11:57,13.4,,92.3,,,
 2025/06/12, 02:21:57,13.5,,93.5,,,
 2025/06/12, 02:31:57,13.5,,92.2,,,
 2025/06/12, 02:41:57,13.5,,92.3,,,
 2025/06/12, 02:51:57,14.1,,93,,,
 2025/06/12, 03:01:57,15.6,,90.5,,,
 2025/06/12, 03:11:57,16.2,,87.5,,,
 2025/06/12, 03:21:57,16.7,,85.8,,,
 2025/06/12, 03:31:57,17.2,,83.5,,,
 2025/06/12, 03:41:57,17.4,,81.9,,,
 2025/06/12, 03:51:57,17.7,,81.1,,,
 2025/06/12, 04:01:57,17.5,,80.6,,,
 2025/06/12, 04:11:57,17.3,,80.8,,,
 2025/06/12, 04:21:57,17.4,,80.2,,,
 2025/06/12, 04:31:57,17,,81.1,,,
 2025/06/12, 04:41:57,17,,81.1,,,
 2025/06/12, 04:51:57,16.7,,81.9,,,
 2025/06/12, 05:01:57,16.8,,81.6,,,
 2025/06/12, 05:11:57,16.8,,81.5,,,
 2025/06/12, 05:21:57,16.4,,82.3,,,
 2025/06/12, 05:31:57,15.9,,83.6,,,
 2025/06/12, 05:41:57,15.4,,84.1,,,
 2025/06/12, 05:51:57,14.9,,86.3,,,
 2025/06/12, 06:01:57,14.8,,87.5,,,
 2025/06/12, 06:11:57,15.1,,87.1,,,
 2025/06/12, 06:21:57,16.3,,86.3,,,
 2025/06/12, 06:31:57,18.7,,81.4,,,
 2025/06/12, 06:41:57,19.4,,80.3,,,
 2025/06/12, 06:51:57,20,,79.5,,,
 2025/06/12, 07:01:57,22.4,,75.4,,,
 2025/06/12, 07:11:57,24.2,,71.6,,,
 2025/06/12, 07:21:57,26.1,,63.4,,,
 2025/06/12, 07:31:57,26.4,,60.7,,,
 2025/06/12, 07:41:57,26.8,,59,,,
 2025/06/12, 07:51:57,27.7,,57.7,,,
 2025/06/12, 08:01:57,28,,56,,,
 2025/06/12, 08:11:57,28.8,,56.5,,,
 2025/06/12, 08:21:57,29.2,,53.8,,,
 2025/06/12, 08:31:57,29.6,,51.3,,,
 2025/06/12, 08:41:57,29.5,,50.6,,,
 2025/06/12, 08:51:57,30.3,,49.1,,,
 2025/06/12, 09:01:57,31.3,,46.7,,,
 2025/06/12, 09:11:57,31.7,,45.6,,,
 2025/06/12, 09:21:57,32.5,,45.7,,,
 2025/06/12, 09:31:57,32.6,,43.4,,,
 2025/06/12, 09:41:57,32.9,,42.4,,,
 2025/06/12, 09:51:57,34.1,,41.1,,,
 2025/06/12, 10:01:57,33,,44.3,,,
 2025/06/12, 10:11:57,33.7,,42.7,,,
 2025/06/12, 10:21:57,34,,41.3,,,
 2025/06/12, 10:31:57,34.3,,39.3,,,
 2025/06/12, 10:41:57,34.7,,40.9,,,
 2025/06/12, 10:51:57,35.3,,38.8,,,
 2025/06/12, 11:01:57,35.6,,39.3,,,
 2025/06/12, 11:11:57,36.6,,39.7,,,
 2025/06/12, 11:21:57,37.5,,37.1,,,
 2025/06/12, 11:31:57,37,,36.4,,,
 2025/06/12, 11:41:57,37.3,,36.1,,,
 2025/06/12, 11:51:57,37.8,,37.1,,,
 2025/06/12, 12:01:57,38.2,,36.4,,,
 2025/06/12, 12:11:57,39.4,,35.7,,,
 2025/06/12, 12:21:57,39,,35.1,,,
 2025/06/12, 12:31:57,39.5,,34.6,,,
 2025/06/12, 12:41:57,39.5,,35,,,
 2025/06/12, 12:51:57,38.8,,36.6,,,
 2025/06/12, 13:01:57,39.4,,34.1,,,
 2025/06/12, 13:11:57,39.9,,34.3,,,
 2025/06/12, 13:21:57,37.1,,35.5,,,
 2025/06/12, 13:31:57,39.3,,35.5,,,
 2025/06/12, 13:41:57,39.8,,33.6,,,
 2025/06/12, 13:51:57,40.6,,34.1,,,
 2025/06/12, 14:01:57,40.2,,33.3,,,
 2025/06/12, 14:11:57,40.7,,34.6,,,
 2025/06/12, 14:21:57,41.8,,32.6,,,
 2025/06/12, 14:31:57,40.4,,33.4,,,
 2025/06/12, 14:41:57,40.1,,33.6,,,
 2025/06/12, 14:51:57,40.5,,32.8,,,
 2025/06/12, 15:01:57,40.8,,29.1,,,
 2025/06/12, 15:11:57,38.7,,32.8,,,
 2025/06/12, 15:21:57,37.9,,34.3,,,
 2025/06/12, 15:31:57,40.4,,33.1,,,
 2025/06/12, 15:41:57,41,,33.4,,,
 2025/06/12, 15:51:57,38.5,,32.1,,,
 2025/06/12, 16:01:57,39.5,,32.8,,,
 2025/06/12, 16:11:57,35.1,,37.4,,,
 2025/06/12, 16:21:57,38.6,,34.1,,,
 2025/06/12, 16:31:57,37.2,,34.4,,,
 2025/06/12, 16:41:57,37.5,,34,,,
 2025/06/12, 16:51:57,35.4,,36.5,,,
 2025/06/12, 17:01:57,36.6,,35.9,,,
 2025/06/12, 17:11:57,36.8,,34.3,,,
 2025/06/12, 17:21:57,35.2,,36.6,,,
 2025/06/12, 17:31:57,33.1,,40.4,,,
 2025/06/12, 17:41:57,34.6,,40,,,
 2025/06/12, 17:51:57,33.3,,39.5,,,
 2025/06/12, 18:01:57,31.6,,44.4,,,
 2025/06/12, 18:11:57,32.2,,43.2,,,
 2025/06/12, 18:21:57,33,,41.9,,,
 2025/06/12, 18:31:57,31.8,,43.6,,,
 2025/06/12, 18:41:57,32.2,,44.2,,,
 2025/06/12, 18:51:57,31.5,,44.5,,,
 2025/06/12, 19:01:57,30.3,,46.1,,,
 2025/06/12, 19:11:57,30,,47.8,,,
 2025/06/12, 19:21:57,29.6,,49.1,,,
 2025/06/12, 19:31:57,28.7,,54.7,,,
 2025/06/12, 19:41:57,27.7,,59.2,,,
 2025/06/12, 19:51:57,26.2,,64.3,,,
 2025/06/12, 20:01:57,24.6,,66.3,,,
 2025/06/12, 20:11:57,23.4,,72.9,,,
 2025/06/12, 20:21:57,22.2,,75.4,,,
 2025/06/12, 20:31:57,21.6,,75.9,,,
 2025/06/12, 20:41:57,21.3,,81.3,,,
 2025/06/12, 20:51:57,20.8,,80.5,,,
 2025/06/12, 21:01:57,20.1,,80.1,,,
 2025/06/12, 21:11:57,19.4,,82.5,,,
 2025/06/12, 21:21:57,19,,84.3,,,
 2025/06/12, 21:31:57,18.8,,85.8,,,
 2025/06/12, 21:41:57,19,,87.1,,,
 2025/06/12, 21:51:57,19.3,,86.5,,,
 2025/06/12, 22:01:57,18.6,,86.6,,,
 2025/06/12, 22:11:57,18.3,,88.3,,,
 2025/06/12, 22:21:57,18.2,,88.6,,,
 2025/06/12, 22:31:57,18.2,,91.4,,,
 2025/06/12, 22:41:57,18.6,,89.6,,,
 2025/06/12, 22:51:57,18.3,,89.4,,,
 2025/06/12, 23:01:57,18.4,,89.3,,,
 2025/06/12, 23:11:57,18.1,,90.5,,,
 2025/06/12, 23:21:57,17.8,,90.8,,,
 2025/06/12, 23:31:57,17.6,,92,,,
 2025/06/12, 23:41:57,17.2,,91.4,,,
 2025/06/12, 23:51:57,16.9,,92,,,
 2025/06/13, 00:01:57,16.6,,92.2,,,
 2025/06/13, 00:11:57,16.5,,92.6,,,
 2025/06/13, 00:21:57,16.4,,93,,,
 2025/06/13, 00:31:57,16.6,,93.5,,,
 2025/06/13, 00:41:57,16.7,,94.1,,,
 2025/06/13, 00:51:57,16.6,,93.4,,,
 2025/06/13, 01:01:57,16.3,,93.3,,,
 2025/06/13, 01:11:57,16,,93.2,,,
 2025/06/13, 01:21:57,15.9,,93.5,,,
 2025/06/13, 01:31:57,15.7,,93.9,,,
 2025/06/13, 01:41:57,16,,94.8,,,
 2025/06/13, 01:51:57,15.7,,93.8,,,
 2025/06/13, 02:01:57,15.7,,94.8,,,
 2025/06/13, 02:11:57,15.9,,94.6,,,
 2025/06/13, 02:21:57,15.8,,94.3,,,
 2025/06/13, 02:31:57,15.6,,94.1,,,
 2025/06/13, 02:41:57,15.4,,94.1,,,
 2025/06/13, 02:51:57,15.3,,93.9,,,
 2025/06/13, 03:01:57,15.2,,94.1,,,
 2025/06/13, 03:11:57,15.3,,94.3,,,
 2025/06/13, 03:21:57,15.4,,94.4,,,
 2025/06/13, 03:31:57,15.4,,94.4,,,
 2025/06/13, 03:41:57,15.8,,94.2,,,
 2025/06/13, 03:51:57,16.3,,93,,,
 2025/06/13, 04:01:57,16.4,,91.7,,,
 2025/06/13, 04:11:57,16.5,,91,,,
 2025/06/13, 04:21:57,16.6,,91.3,,,
 2025/06/13, 04:31:57,16.6,,90.2,,,
 2025/06/13, 04:41:57,16.6,,90.9,,,
 2025/06/13, 04:51:57,16.5,,89.9,,,
 2025/06/13, 05:01:57,16.2,,88.7,,,
 2025/06/13, 05:11:57,16,,89.7,,,
 2025/06/13, 05:21:57,16,,90,,,
 2025/06/13, 05:31:57,16.1,,90.2,,,
 2025/06/13, 05:41:57,16.1,,89.7,,,
 2025/06/13, 05:51:57,16.1,,89.9,,,
 2025/06/13, 06:01:57,16.5,,90.9,,,
 2025/06/13, 06:11:57,17.2,,90.7,,,
 2025/06/13, 06:21:57,17.6,,89.7,,,
 2025/06/13, 06:31:57,17.9,,89.1,,,
 2025/06/13, 06:41:57,18.3,,88.7,,,
 2025/06/13, 06:51:57,18.5,,87.4,,,
 2025/06/13, 07:01:57,18.8,,86.3,,,
 2025/06/13, 07:11:57,18.8,,86.1,,,
 2025/06/13, 07:21:57,19.1,,85.3,,,
 2025/06/13, 07:31:57,19.2,,85,,,
 2025/06/13, 07:41:57,19.6,,83.5,,,
 2025/06/13, 07:51:57,19.7,,82.9,,,
 2025/06/13, 08:01:57,19.8,,81.5,,,
 2025/06/13, 08:11:57,20,,80.9,,,
 2025/06/13, 08:21:57,20.4,,79.8,,,
 2025/06/13, 08:31:57,20.7,,78.9,,,
 2025/06/13, 08:41:57,20.9,,76.7,,,
 2025/06/13, 08:51:57,21.3,,75.6,,,
 2025/06/13, 09:01:57,21.9,,74.4,,,
 2025/06/13, 09:11:57,23,,71.1,,,
 2025/06/13, 09:21:57,23.4,,69.2,,,
 2025/06/13, 09:31:57,23.8,,68.1,,,
 2025/06/13, 09:41:57,24.5,,64.9,,,
 2025/06/13, 09:51:57,25.9,,64.2,,,
 2025/06/13, 10:01:57,26.5,,60.5,,,
 2025/06/13, 10:11:57,28,,57.7,,,
 2025/06/13, 10:21:57,29.8,,52.3,,,
 2025/06/13, 10:31:57,30.5,,50.7,,,
 2025/06/13, 10:41:57,30.4,,49.8,,,
 2025/06/13, 10:51:57,31.4,,47.7,,,
 2025/06/13, 11:01:57,30.4,,46.5,,,
 2025/06/13, 11:11:57,30.6,,45.1,,,
 2025/06/13, 11:21:57,31.8,,42.6,,,
 2025/06/13, 11:31:57,31.3,,43.4,,,
 2025/06/13, 11:41:57,32.2,,42.4,,,
 2025/06/13, 11:51:57,32.2,,42.4,,,
 2025/06/13, 12:01:57,31.8,,42.2,,,
 2025/06/13, 12:11:57,31.5,,47,,,
 2025/06/13, 12:21:57,30.9,,44.3,,,
 2025/06/13, 12:31:57,30.5,,45.1,,,
 2025/06/13, 12:41:57,28.9,,48.3,,,
 2025/06/13, 12:51:57,30,,44.4,,,
 2025/06/13, 13:01:57,30.7,,44.7,,,
 2025/06/13, 13:11:57,30.5,,44.5,,,
 2025/06/13, 13:21:57,29,,46,,,
 2025/06/13, 13:31:57,27.8,,48.4,,,
 2025/06/13, 13:41:57,27.1,,50.1,,,
 2025/06/13, 13:51:57,29,,49.4,,,
 2025/06/13, 14:01:57,33.4,,48,,,
 2025/06/13, 14:11:57,33.5,,44.1,,,
 2025/06/13, 14:21:57,32.7,,42.9,,,
 2025/06/13, 14:31:57,33.9,,40.8,,,
 2025/06/13, 14:41:57,32.8,,42,,,
 2025/06/13, 14:51:57,31.5,,44.9,,,
 2025/06/13, 15:01:57,31.7,,45.9,,,
 2025/06/13, 15:11:57,30.5,,47,,,
 2025/06/13, 15:21:57,28.8,,48.7,,,
 2025/06/13, 15:31:57,28.4,,51.4,,,
 2025/06/13, 15:41:57,28.2,,50.5,,,
 2025/06/13, 15:51:57,28.6,,51.4,,,
 2025/06/13, 16:01:57,31.5,,48.2,,,
 2025/06/13, 16:11:57,32,,44.9,,,
 2025/06/13, 16:21:57,30.3,,47.4,,,
 2025/06/13, 16:31:57,31.6,,45.6,,,
 2025/06/13, 16:41:57,28.8,,49.5,,,
 2025/06/13, 16:51:57,28.3,,50.3,,,
 2025/06/13, 17:01:57,29.3,,49.3,,,
 2025/06/13, 17:11:57,29.1,,50.5,,,
 2025/06/13, 17:21:57,29,,49,,,
 2025/06/13, 17:31:57,30.8,,48.1,,,
 2025/06/13, 17:41:57,29.6,,47.7,,,
 2025/06/13, 17:51:57,28.7,,50.9,,,
 2025/06/13, 18:01:57,26.3,,54.5,,,
 2025/06/13, 18:11:57,25.9,,56.7,,,
 2025/06/13, 18:21:57,24.4,,59.7,,,
 2025/06/13, 18:31:57,23.9,,61.2,,,
 2025/06/13, 18:41:57,24,,61.2,,,
 2025/06/13, 18:51:57,23.8,,61.7,,,
 2025/06/13, 19:01:57,23.2,,63.5,,,
 2025/06/13, 19:11:57,22.9,,64.7,,,
 2025/06/13, 19:21:57,22.7,,65.8,,,
 2025/06/13, 19:31:57,22.5,,66.5,,,
 2025/06/13, 19:41:57,22,,66.7,,,
 2025/06/13, 19:51:57,21.6,,68.5,,,
 2025/06/13, 20:01:57,21.3,,69.5,,,
 2025/06/13, 20:11:57,20.9,,71,,,
 2025/06/13, 20:21:57,20.7,,71.6,,,
 2025/06/13, 20:31:57,20.3,,73.9,,,
 2025/06/13, 20:41:57,19.9,,75.3,,,
 2025/06/13, 20:51:57,19.6,,75.9,,,
 2025/06/13, 21:01:57,19.4,,76.8,,,
 2025/06/13, 21:11:57,20,,73.3,,,
 2025/06/13, 21:21:57,20.6,,70.8,,,
 2025/06/13, 21:31:57,20.7,,70.4,,,
 2025/06/13, 21:41:57,20.6,,70.7,,,
 2025/06/13, 21:51:57,20.5,,72.1,,,
 2025/06/13, 22:01:57,20.1,,74.8,,,
 2025/06/13, 22:11:57,19.9,,76.7,,,
 2025/06/13, 22:21:57,19.7,,77.7,,,
 2025/06/13, 22:31:57,19.5,,78.8,,,
 2025/06/13, 22:41:57,19.5,,78.7,,,
 2025/06/13, 22:51:57,19.6,,78.9,,,
 2025/06/13, 23:01:57,19.8,,78.9,,,
 2025/06/13, 23:11:57,19.8,,78.8,,,
 2025/06/13, 23:21:57,19.7,,78.6,,,
 2025/06/13, 23:31:57,19.7,,78.6,,,
 2025/06/13, 23:41:57,19.8,,77.9,,,
 2025/06/13, 23:51:57,19.9,,77.9,,,
 2025/06/14, 00:01:57,19.3,,81.7,,,
 2025/06/14, 00:11:57,18.8,,85.1,,,
 2025/06/14, 00:21:57,18.4,,87.6,,,
 2025/06/14, 00:31:57,18.2,,87.7,,,
 2025/06/14, 00:41:57,18.3,,89.5,,,
 2025/06/14, 00:51:57,18.2,,89.3,,,
 2025/06/14, 01:01:57,18.2,,90,,,
 2025/06/14, 01:11:57,18.2,,90.6,,,
 2025/06/14, 01:21:57,18.1,,90.9,,,
 2025/06/14, 01:31:57,18.1,,91.4,,,
 2025/06/14, 01:41:57,18,,91.5,,,
 2025/06/14, 01:51:57,18,,91.9,,,
 2025/06/14, 02:01:57,18,,91.9,,,
 2025/06/14, 02:11:57,18,,92.1,,,
 2025/06/14, 02:21:57,17.9,,92.4,,,
 2025/06/14, 02:31:57,17.9,,92.8,,,
 2025/06/14, 02:41:57,17.9,,92.8,,,
 2025/06/14, 02:51:57,17.8,,92.9,,,
 2025/06/14, 03:01:57,17.8,,93.2,,,
 2025/06/14, 03:11:57,17.8,,93.3,,,
 2025/06/14, 03:21:57,17.8,,93.4,,,
 2025/06/14, 03:31:57,17.8,,93.5,,,
 2025/06/14, 03:41:57,17.7,,93.7,,,
 2025/06/14, 03:51:57,17.7,,93.5,,,
 2025/06/14, 04:01:57,17.7,,93.7,,,
 2025/06/14, 04:11:57,17.6,,93.7,,,
 2025/06/14, 04:21:57,17.6,,93.7,,,
 2025/06/14, 04:31:57,17.5,,93.7,,,
 2025/06/14, 04:41:57,17.4,,93.7,,,
 2025/06/14, 04:51:57,17.3,,93.7,,,
 2025/06/14, 05:01:57,17.3,,94,,,
 2025/06/14, 05:11:57,17.3,,94,,,
 2025/06/14, 05:21:57,17.2,,94,,,
 2025/06/14, 05:31:57,17.1,,94.2,,,
 2025/06/14, 05:41:57,17.1,,94.3,,,
 2025/06/14, 05:51:57,17.1,,94.3,,,
 2025/06/14, 06:01:57,17.1,,94.3,,,
 2025/06/14, 06:11:57,17.1,,94.2,,,
 2025/06/14, 06:21:57,17.2,,94.1,,,
 2025/06/14, 06:31:57,17.2,,94.1,,,
 2025/06/14, 06:41:57,17.1,,93.9,,,
 2025/06/14, 06:51:57,17.1,,94,,,
 2025/06/14, 07:01:57,17.1,,93.7,,,
 2025/06/14, 07:11:57,17.2,,93.6,,,
 2025/06/14, 07:21:57,17.2,,93.6,,,
 2025/06/14, 07:31:57,17.2,,93.5,,,
 2025/06/14, 07:41:57,17.2,,93.5,,,
 2025/06/14, 07:51:57,17.3,,93,,,
 2025/06/14, 08:01:57,17.5,,92,,,
 2025/06/14, 08:11:57,17.6,,91.2,,,
 2025/06/14, 08:21:57,17.6,,90.1,,,
 2025/06/14, 08:31:57,17.7,,90,,,
 2025/06/14, 08:41:57,17.5,,89.6,,,
 2025/06/14, 08:51:57,17.8,,88.3,,,
 2025/06/14, 09:01:57,18,,87.5,,,
 2025/06/14, 09:11:57,17.9,,87.1,,,
 2025/06/14, 09:21:57,18.1,,85.3,,,
 2025/06/14, 09:31:57,17.9,,85.4,,,
 2025/06/14, 09:41:57,17.7,,86.3,,,
 2025/06/14, 09:51:57,17.7,,86.9,,,
 2025/06/14, 10:01:57,18,,86.3,,,
 2025/06/14, 10:11:57,18.4,,86.6,,,
 2025/06/14, 10:21:57,19.2,,85,,,
 2025/06/14, 10:31:57,19.3,,82.8,,,
 2025/06/14, 10:41:57,19.9,,83,,,
 2025/06/14, 10:51:57,20.4,,82,,,
 2025/06/14, 11:01:57,21.4,,78,,,
 2025/06/14, 11:11:57,21.5,,76,,,
 2025/06/14, 11:21:57,21.7,,75.3,,,
 2025/06/14, 11:31:57,22.2,,74.3,,,
 2025/06/14, 11:41:57,22.1,,73.7,,,
 2025/06/14, 11:51:57,21.6,,75.6,,,
 2025/06/14, 12:01:57,21.7,,75,,,
 2025/06/14, 12:11:57,22.3,,74.2,,,
 2025/06/14, 12:21:57,22.2,,73.7,,,
 2025/06/14, 12:31:57,22,,74.2,,,
 2025/06/14, 12:41:57,22.7,,72.7,,,
 2025/06/14, 12:51:57,23.3,,70.1,,,
 2025/06/14, 13:01:57,22,,73.3,,,
 2025/06/14, 13:11:57,22.2,,73.5,,,
 2025/06/14, 13:21:57,21.7,,74.1,,,
 2025/06/14, 13:31:57,21.5,,74.4,,,
 2025/06/14, 13:41:57,21.7,,75.2,,,
 2025/06/14, 13:51:57,21.6,,75.9,,,
 2025/06/14, 14:01:57,21,,76.9,,,
 2025/06/14, 14:11:57,20.9,,77.9,,,
 2025/06/14, 14:21:57,20.9,,77.5,,,
 2025/06/14, 14:31:57,21.1,,76.7,,,
 2025/06/14, 14:41:57,20.5,,78,,,
 2025/06/14, 14:51:57,20,,79.9,,,
 2025/06/14, 15:01:57,20.1,,80,,,
 2025/06/14, 15:11:57,20.5,,79,,,
 2025/06/14, 15:21:57,20.1,,80.4,,,
 2025/06/14, 15:31:57,19.3,,83.2,,,
 2025/06/14, 15:41:57,18.9,,84.4,,,
 2025/06/14, 15:51:57,18.8,,85.7,,,
 2025/06/14, 16:01:57,18.9,,85.9,,,
 2025/06/14, 16:11:57,19.3,,85.7,,,
 2025/06/14, 16:21:57,19.2,,85.5,,,
 2025/06/14, 16:31:57,19,,87.2,,,
 2025/06/14, 16:41:57,19.1,,86.7,,,
 2025/06/14, 16:51:57,19.6,,86.6,,,
 2025/06/14, 17:01:57,20,,84.4,,,
 2025/06/14, 17:11:57,20.3,,84.2,,,
 2025/06/14, 17:21:57,20,,85.2,,,
 2025/06/14, 17:31:57,19.7,,85.1,,,
 2025/06/14, 17:41:57,19.3,,85,,,
 2025/06/14, 17:51:57,20.1,,84.6,,,
 2025/06/14, 18:01:57,21,,81.7,,,
 2025/06/14, 18:11:57,22,,78,,,
 2025/06/14, 18:21:57,21.2,,79.4,,,
 2025/06/14, 18:31:57,21.3,,79.5,,,
 2025/06/14, 18:41:57,21.2,,78.9,,,
 2025/06/14, 18:51:57,20.1,,81.3,,,
 2025/06/14, 19:01:57,19.9,,82.4,,,
 2025/06/14, 19:11:57,19.3,,83.4,,,
 2025/06/14, 19:21:57,19.2,,84,,,
 2025/06/14, 19:31:57,19.3,,84.4,,,
 2025/06/14, 19:41:57,18.9,,85,,,
 2025/06/14, 19:51:57,18.4,,86.6,,,
 2025/06/14, 20:01:57,18.1,,87.5,,,
 2025/06/14, 20:11:57,17.9,,87.9,,,
 2025/06/14, 20:21:57,17.8,,88.9,,,
 2025/06/14, 20:31:57,17.6,,89.7,,,
 2025/06/14, 20:41:57,17.6,,90.3,,,
 2025/06/14, 20:51:57,17.6,,90.5,,,
 2025/06/14, 21:01:57,17.6,,90.8,,,
 2025/06/14, 21:11:57,17.5,,90.8,,,
 2025/06/14, 21:21:57,17.5,,89.7,,,
 2025/06/14, 21:31:57,17.5,,89.9,,,
 2025/06/14, 21:41:57,17.4,,90,,,
 2025/06/14, 21:51:57,17.3,,90.6,,,
 2025/06/14, 22:01:57,17.3,,91.1,,,
 2025/06/14, 22:11:57,17.3,,91.4,,,
 2025/06/14, 22:21:57,17.3,,91.7,,,
 2025/06/14, 22:31:57,17.3,,92.4,,,
 2025/06/14, 22:41:57,17.3,,92.8,,,
 2025/06/14, 22:51:57,17.2,,93,,,
 2025/06/14, 23:01:57,17.2,,93.3,,,
 2025/06/14, 23:11:57,17.2,,92.8,,,
 2025/06/14, 23:21:57,17.1,,93,,,
 2025/06/14, 23:31:57,17,,93.2,,,
 2025/06/14, 23:41:57,17,,93.4,,,
 2025/06/14, 23:51:57,17,,93.4,,,
 2025/06/15, 00:01:57,17,,93.5,,,
 2025/06/15, 00:11:57,17,,93.6,,,
 2025/06/15, 00:21:57,17,,93.6,,,
 2025/06/15, 00:31:57,16.9,,93.7,,,
 2025/06/15, 00:41:57,16.9,,93.8,,,
 2025/06/15, 00:51:57,16.9,,93.9,,,
 2025/06/15, 01:01:57,16.8,,94,,,
 2025/06/15, 01:11:57,16.7,,94.5,,,
 2025/06/15, 01:21:57,16.7,,94.5,,,
 2025/06/15, 01:31:57,16.7,,94.8,,,
 2025/06/15, 01:41:57,16.7,,95.1,,,
 2025/06/15, 01:51:57,16.7,,95,,,
 2025/06/15, 02:01:57,16.7,,95,,,
 2025/06/15, 02:11:57,16.7,,95.2,,,
 2025/06/15, 02:21:57,16.7,,95,,,
 2025/06/15, 02:31:57,16.7,,95,,,
 2025/06/15, 02:41:57,16.6,,95,,,
 2025/06/15, 02:51:57,16.7,,95.1,,,
 2025/06/15, 03:01:57,16.7,,95.2,,,
 2025/06/15, 03:11:57,16.6,,95.2,,,
 2025/06/15, 03:21:57,16.7,,95.2,,,
 2025/06/15, 03:31:57,16.7,,94.9,,,
 2025/06/15, 03:41:57,16.6,,94.9,,,
 2025/06/15, 03:51:57,16.6,,95.1,,,
 2025/06/15, 04:01:57,16.6,,95.1,,,
 2025/06/15, 04:11:57,16.5,,95.1,,,
 2025/06/15, 04:21:57,16.5,,95.2,,,
 2025/06/15, 04:31:57,16.5,,95,,,
 2025/06/15, 04:41:57,16.5,,95,,,
 2025/06/15, 04:51:57,16.5,,95.2,,,
 2025/06/15, 05:01:57,16.5,,95,,,
 2025/06/15, 05:11:57,16.5,,95.1,,,
 2025/06/15, 05:21:57,16.5,,95.1,,,
 2025/06/15, 05:31:57,16.5,,95.1,,,
 2025/06/15, 05:41:57,16.5,,95.2,,,
 2025/06/15, 05:51:57,16.5,,95,,,
 2025/06/15, 06:01:57,16.5,,95,,,
 2025/06/15, 06:11:57,16.5,,95,,,
 2025/06/15, 06:21:57,16.5,,95.3,,,
 2025/06/15, 06:31:57,16.5,,95.2,,,
 2025/06/15, 06:41:57,16.5,,95,,,
 2025/06/15, 06:51:57,16.6,,94.7,,,
 2025/06/15, 07:01:57,17,,93.7,,,
 2025/06/15, 07:11:57,16.9,,93.6,,,
 2025/06/15, 07:21:57,16.8,,93.7,,,
 2025/06/15, 07:31:57,16.9,,93.3,,,
 2025/06/15, 07:41:57,17,,93.1,,,
 2025/06/15, 07:51:57,17.2,,92.8,,,
 2025/06/15, 08:01:57,17.4,,92.3,,,
 2025/06/15, 08:11:57,17.2,,91.7,,,
 2025/06/15, 08:21:57,17.6,,91.4,,,
 2025/06/15, 08:31:57,17.4,,90.4,,,
 2025/06/15, 08:41:57,17.6,,90,,,
 2025/06/15, 08:51:57,17.8,,88.9,,,
 2025/06/15, 09:01:57,17.6,,89.4,,,
 2025/06/15, 09:11:57,17.4,,89.6,,,
 2025/06/15, 09:21:57,17.4,,89.9,,,
 2025/06/15, 09:31:57,17.4,,89.7,,,
 2025/06/15, 09:41:57,17.6,,88.7,,,
 2025/06/15, 09:51:57,18.3,,87.6,,,
 2025/06/15, 10:01:57,18.6,,86.5,,,
 2025/06/15, 10:11:57,18.2,,86.3,,,
 2025/06/15, 10:21:57,17.7,,87.5,,,
 2025/06/15, 10:31:57,18.1,,87.4,,,
 2025/06/15, 10:41:57,17.8,,87.2,,,
 2025/06/15, 10:51:57,17.6,,87.8,,,
 2025/06/15, 11:01:57,17.7,,87,,,
 2025/06/15, 11:11:57,17.8,,87,,,
 2025/06/15, 11:21:57,18.2,,86.4,,,
 2025/06/15, 11:31:57,18.3,,86.1,,,
 2025/06/15, 11:41:57,18,,86.1,,,
 2025/06/15, 11:51:57,17.7,,87,,,
 2025/06/15, 12:01:57,17.8,,87.3,,,
 2025/06/15, 12:11:57,18.7,,86.2,,,
 2025/06/15, 12:21:57,18.8,,83.8,,,
 2025/06/15, 12:31:57,19.3,,82.7,,,
 2025/06/15, 12:41:57,19.9,,81.5,,,
 2025/06/15, 12:51:57,20.3,,80.2,,,
 2025/06/15, 13:01:57,20,,80.6,,,
 2025/06/15, 13:11:57,19.6,,81.7,,,
 2025/06/15, 13:21:57,19.4,,82.3,,,
 2025/06/15, 13:31:57,18.8,,83.6,,,
 2025/06/15, 13:41:57,19.2,,82.3,,,
 2025/06/15, 13:51:57,20.2,,81.1,,,
 2025/06/15, 14:01:57,21.7,,77.6,,,
 2025/06/15, 14:11:57,23.6,,74.8,,,
 2025/06/15, 14:21:57,23,,72,,,
 2025/06/15, 14:31:57,21.7,,74.2,,,
 2025/06/15, 14:41:57,22.1,,72.9,,,
 2025/06/15, 14:51:57,21.8,,73.8,,,
 2025/06/15, 15:01:57,21.4,,73.3,,,
 2025/06/15, 15:11:57,20.1,,76.7,,,
 2025/06/15, 15:21:57,19.6,,78.9,,,
 2025/06/15, 15:31:57,20.4,,77.4,,,
 2025/06/15, 15:41:57,20.2,,78.1,,,
 2025/06/15, 15:51:57,20.7,,78,,,
 2025/06/15, 16:01:57,20.7,,77,,,
 2025/06/15, 16:11:57,20.5,,77.3,,,
 2025/06/15, 16:21:57,20.3,,77.6,,,
 2025/06/15, 16:31:57,20,,78.8,,,
 2025/06/15, 16:41:57,19.4,,79.4,,,
 2025/06/15, 16:51:57,19.1,,80.6,,,
 2025/06/15, 17:01:57,19.6,,79.9,,,
 2025/06/15, 17:11:57,19.5,,79.9,,,
 2025/06/15, 17:21:57,19,,80.9,,,
 2025/06/15, 17:31:57,19.1,,81.8,,,
 2025/06/15, 17:41:57,18.8,,82.3,,,
 2025/06/15, 17:51:57,18.3,,83.2,,,
 2025/06/15, 18:01:57,18,,84.5,,,
 2025/06/15, 18:11:57,17.8,,85.5,,,
 2025/06/15, 18:21:57,17.8,,85.1,,,
 2025/06/15, 18:31:57,17.9,,84.9,,,
 2025/06/15, 18:41:57,17.8,,85.6,,,
 2025/06/15, 18:51:57,17.7,,85.9,,,
 2025/06/15, 19:01:57,17.7,,86.1,,,
 2025/06/15, 19:11:57,17.8,,85.2,,,
 2025/06/15, 19:21:57,17.6,,85.5,,,
 2025/06/15, 19:31:57,17.1,,86.7,,,
 2025/06/15, 19:41:57,16.6,,88.1,,,
 2025/06/15, 19:51:57,16.4,,88.6,,,
 2025/06/15, 20:01:57,16.4,,89,,,
 2025/06/15, 20:11:57,16.3,,89.3,,,
 2025/06/15, 20:21:57,16.2,,89.6,,,
 2025/06/15, 20:31:57,16.1,,90,,,
 2025/06/15, 20:41:57,16,,90.8,,,
 2025/06/15, 20:51:57,15.9,,91,,,
 2025/06/15, 21:01:57,15.9,,91.2,,,
 2025/06/15, 21:11:57,15.9,,91.2,,,
 2025/06/15, 21:21:57,15.9,,91.5,,,
 2025/06/15, 21:31:57,15.8,,91.7,,,
 2025/06/15, 21:41:57,15.8,,92.9,,,
 2025/06/15, 21:51:57,15.7,,93.4,,,
 2025/06/15, 22:01:57,15.7,,93.5,,,
 2025/06/15, 22:11:57,15.7,,94,,,
 2025/06/15, 22:21:57,15.6,,94.5,,,
 2025/06/15, 22:31:57,15.6,,94.4,,,
 2025/06/15, 22:41:57,15.6,,94.6,,,
 2025/06/15, 22:51:57,15.7,,94.8,,,
 2025/06/15, 23:01:57,15.6,,94.7,,,
 2025/06/15, 23:11:57,15.6,,94.8,,,
 2025/06/15, 23:21:57,15.6,,94.9,,,
 2025/06/15, 23:31:57,15.6,,94.8,,,
 2025/06/15, 23:41:57,15.6,,94.7,,,
 2025/06/15, 23:51:57,15.6,,94.9,,,
 2025/06/16, 00:01:57,15.5,,94.9,,,
 2025/06/16, 00:11:57,15.5,,95,,,
 2025/06/16, 00:21:57,15.6,,95.1,,,
 2025/06/16, 00:31:57,15.6,,95.2,,,
 2025/06/16, 00:41:57,15.5,,95.2,,,
 2025/06/16, 00:51:57,15.5,,95,,,
 2025/06/16, 01:01:57,15.6,,94.9,,,
 2025/06/16, 01:11:57,15.5,,94.6,,,
 2025/06/16, 01:21:57,15.5,,94.6,,,
 2025/06/16, 01:31:57,15.4,,95.1,,,
 2025/06/16, 01:41:57,15.4,,95.3,,,
 2025/06/16, 01:51:57,15.4,,95.3,,,
 2025/06/16, 02:01:57,15.4,,95.5,,,
 2025/06/16, 02:11:57,15.4,,95.6,,,
 2025/06/16, 02:21:57,15.4,,95.7,,,
 2025/06/16, 02:31:57,15.4,,95.8,,,
 2025/06/16, 02:41:57,15.3,,95.9,,,
 2025/06/16, 02:51:57,15.3,,95.2,,,
 2025/06/16, 03:01:57,15.2,,95,,,
 2025/06/16, 03:11:57,15.2,,94.8,,,
 2025/06/16, 03:21:57,15.1,,94.8,,,
 2025/06/16, 03:31:57,15.1,,94.8,,,
 2025/06/16, 03:41:57,15.1,,94.7,,,
 2025/06/16, 03:51:57,15.1,,94,,,
 2025/06/16, 04:01:57,15,,94.1,,,
 2025/06/16, 04:11:57,15,,94.1,,,
 2025/06/16, 04:21:57,15,,94.3,,,
 2025/06/16, 04:31:57,15,,94.4,,,
 2025/06/16, 04:41:57,15,,94.6,,,
 2025/06/16, 04:51:57,15,,94.9,,,
 2025/06/16, 05:01:57,15,,95.1,,,
 2025/06/16, 05:11:57,15,,95.4,,,
 2025/06/16, 05:21:57,15,,95.4,,,
 2025/06/16, 05:31:57,15,,95.3,,,
 2025/06/16, 05:41:57,15,,95.3,,,
 2025/06/16, 05:51:57,15,,95.4,,,
 2025/06/16, 06:01:57,15,,95.3,,,
 2025/06/16, 06:11:57,15.2,,95.3,,,
 2025/06/16, 06:21:57,15.2,,95.2,,,
 2025/06/16, 06:31:57,15.2,,95.2,,,
 2025/06/16, 06:41:57,15.2,,95.1,,,
 2025/06/16, 06:51:57,15.2,,94.9,,,
 2025/06/16, 07:01:57,15.4,,94.6,,,
 2025/06/16, 07:11:57,15.5,,94.4,,,
 2025/06/16, 07:21:57,15.6,,94,,,
 2025/06/16, 07:31:57,16.1,,93.2,,,
 2025/06/16, 07:41:57,16.5,,90.9,,,
 2025/06/16, 07:51:57,16.7,,90.9,,,
 2025/06/16, 08:01:57,17,,88.8,,,
 2025/06/16, 08:11:57,17.3,,87.7,,,
 2025/06/16, 08:21:57,17.4,,86.5,,,
 2025/06/16, 08:31:57,17.1,,87.6,,,
 2025/06/16, 08:41:57,17.2,,87.4,,,
 2025/06/16, 08:51:57,17.6,,86.2,,,
 2025/06/16, 09:01:57,18.6,,83.6,,,
 2025/06/16, 09:11:57,18.1,,83.7,,,
 2025/06/16, 09:21:57,18.4,,83.3,,,
 2025/06/16, 09:31:57,18.3,,83.8,,,
 2025/06/16, 09:41:57,18.1,,83.4,,,
 2025/06/16, 09:51:57,18.4,,83.6,,,
 2025/06/16, 10:01:57,18.4,,82.1,,,
 2025/06/16, 10:11:57,19.8,,80.4,,,
 2025/06/16, 10:21:57,20.2,,79.5,,,
 2025/06/16, 10:31:57,20.1,,78.2,,,
 2025/06/16, 10:41:57,19.4,,80.4,,,
 2025/06/16, 10:51:57,20.7,,78.8,,,
 2025/06/16, 11:01:57,21.8,,75.1,,,
 2025/06/16, 11:11:57,20.7,,77,,,
 2025/06/16, 11:21:57,22.3,,75.7,,,
 2025/06/16, 11:31:57,22.6,,74.5,,,
 2025/06/16, 11:41:57,21.2,,74.8,,,
 2025/06/16, 11:51:57,20.2,,76.2,,,
 2025/06/16, 12:01:57,20.7,,75.9,,,
 2025/06/16, 12:11:57,21.2,,76.6,,,
 2025/06/16, 12:21:57,21.7,,73.9,,,
 2025/06/16, 12:31:57,22.3,,72.2,,,
 2025/06/16, 12:41:57,21.3,,74.8,,,
 2025/06/16, 12:51:57,22.6,,71.7,,,
 2025/06/16, 13:01:57,23.8,,68.8,,,
 2025/06/16, 13:11:57,22.4,,70.8,,,
 2025/06/16, 13:21:57,21.2,,73.9,,,
 2025/06/16, 13:31:57,22,,73.5,,,
 2025/06/16, 13:41:57,22.2,,72.4,,,
 2025/06/16, 13:51:57,23,,70.7,,,
 2025/06/16, 14:01:57,22.3,,71,,,
 2025/06/16, 14:11:57,22.7,,72.2,,,
 2025/06/16, 14:21:57,23.1,,70.2,,,
 2025/06/16, 14:31:57,21.5,,72,,,
 2025/06/16, 14:41:57,21.2,,73.4,,,
 2025/06/16, 14:51:57,20.9,,75.6,,,
 2025/06/16, 15:01:57,20.8,,75.7,,,
 2025/06/16, 15:11:57,21,,73.6,,,
 2025/06/16, 15:21:57,19.3,,78.5,,,
 2025/06/16, 15:31:57,19.3,,79.6,,,
 2025/06/16, 15:41:57,19.2,,80.1,,,
 2025/06/16, 15:51:57,18.8,,81.6,,,
 2025/06/16, 16:01:57,18.8,,81.2,,,
 2025/06/16, 16:11:57,18.7,,81.5,,,
 2025/06/16, 16:21:57,19.2,,81.1,,,
 2025/06/16, 16:31:57,19.7,,79.9,,,
 2025/06/16, 16:41:57,19.6,,79.8,,,
 2025/06/16, 16:51:57,19.2,,81.4,,,
 2025/06/16, 17:01:57,19.4,,80.1,,,
 2025/06/16, 17:11:57,19.2,,81.1,,,
 2025/06/16, 17:21:57,19,,81.3,,,
 2025/06/16, 17:31:57,19.3,,81,,,
 2025/06/16, 17:41:57,20.1,,80.8,,,
 2025/06/16, 17:51:57,19.9,,78.8,,,
 2025/06/16, 18:01:57,18.7,,81.4,,,
 2025/06/16, 18:11:57,18.1,,84,,,
 2025/06/16, 18:21:57,17.6,,85.2,,,
 2025/06/16, 18:31:57,17.7,,85.6,,,
 2025/06/16, 18:41:57,17.7,,85.6,,,
 2025/06/16, 18:51:57,17.7,,86,,,
 2025/06/16, 19:01:57,17.3,,86.5,,,
 2025/06/16, 19:11:57,17.1,,87.6,,,
 2025/06/16, 19:21:57,17.1,,88.6,,,
 2025/06/16, 19:31:57,17.1,,88.8,,,
 2025/06/16, 19:41:57,16.9,,89.3,,,
 2025/06/16, 19:51:57,16.8,,89.8,,,
 2025/06/16, 20:01:57,16.7,,90,,,
 2025/06/16, 20:11:57,16.7,,90.3,,,
 2025/06/16, 20:21:57,16.7,,90.9,,,
 2025/06/16, 20:31:57,16.6,,91.3,,,
 2025/06/16, 20:41:57,16.5,,91.8,,,
 2025/06/16, 20:51:57,16.5,,91.7,,,
 2025/06/16, 21:01:57,16.4,,92.5,,,
 2025/06/16, 21:11:57,16.3,,92.7,,,
 2025/06/16, 21:21:57,16.3,,93.5,,,
 2025/06/16, 21:31:57,16.3,,93.5,,,
 2025/06/16, 21:41:57,16.3,,93.5,,,
 2025/06/16, 21:51:57,16.2,,93.7,,,
 2025/06/16, 22:01:57,16.2,,93.6,,,
 2025/06/16, 22:11:57,16.2,,93.7,,,
 2025/06/16, 22:21:57,16.2,,93.8,,,
 2025/06/16, 22:31:57,16.1,,93.8,,,
 2025/06/16, 22:41:57,16.1,,93.7,,,
 2025/06/16, 22:51:57,16.1,,94.3,,,
 2025/06/16, 23:01:57,16,,93.9,,,
 2025/06/16, 23:11:57,16,,94.5,,,
 2025/06/16, 23:21:57,16,,94.5,,,
 2025/06/16, 23:31:57,16,,94.6,,,
 2025/06/16, 23:41:57,16.1,,94.4,,,
 2025/06/16, 23:51:57,16.1,,94.3,,,
 2025/06/17, 00:01:57,16.1,,94.5,,,
 2025/06/17, 00:11:57,16.1,,94.5,,,
 2025/06/17, 00:21:57,16.1,,94.8,,,
 2025/06/17, 00:31:57,16.1,,94.8,,,
 2025/06/17, 00:41:57,16.1,,94.8,,,
 2025/06/17, 00:51:57,16.1,,94.9,,,
 2025/06/17, 01:01:57,16.1,,95,,,
 2025/06/17, 01:11:57,16.1,,95.2,,,
 2025/06/17, 01:21:57,16.1,,95.6,,,
 2025/06/17, 01:31:57,16.1,,95.6,,,
 2025/06/17, 01:41:57,16.2,,95.4,,,
 2025/06/17, 01:51:57,16.2,,95.2,,,
 2025/06/17, 02:01:57,16.2,,95.1,,,
 2025/06/17, 02:11:57,16.2,,95.4,,,
 2025/06/17, 02:21:57,16.2,,95.1,,,
 2025/06/17, 02:31:57,16.3,,94.8,,,
 2025/06/17, 02:41:57,16.3,,94.7,,,
 2025/06/17, 02:51:57,16.3,,94.7,,,
 2025/06/17, 03:01:57,16.4,,94.3,,,
 2025/06/17, 03:11:57,16.4,,94.2,,,
 2025/06/17, 03:21:57,16.4,,94.1,,,
 2025/06/17, 03:31:57,16.4,,94,,,
 2025/06/17, 03:41:57,16.4,,94.1,,,
 2025/06/17, 03:51:57,16.4,,94.2,,,
 2025/06/17, 04:01:57,16.4,,94.7,,,
 2025/06/17, 04:11:57,16.4,,95.1,,,
 2025/06/17, 04:21:57,16.4,,94.9,,,
 2025/06/17, 04:31:57,16.4,,95.1,,,
 2025/06/17, 04:41:57,16.4,,95.4,,,
 2025/06/17, 04:51:57,16.4,,95.7,,,
 2025/06/17, 05:01:57,16.4,,95.9,,,
 2025/06/17, 05:11:57,16.4,,96.3,,,
 2025/06/17, 05:21:57,16.4,,95.8,,,
 2025/06/17, 05:31:57,16.5,,96,,,
 2025/06/17, 05:41:57,16.6,,95.3,,,
 2025/06/17, 05:51:57,16.6,,95.2,,,
 2025/06/17, 06:01:57,16.8,,94.7,,,
 2025/06/17, 06:11:57,16.8,,94.3,,,
 2025/06/17, 06:21:57,17,,93.9,,,
 2025/06/17, 06:31:57,17.2,,93.5,,,
 2025/06/17, 06:41:57,17.2,,93.5,,,
 2025/06/17, 06:51:57,17.3,,93.3,,,
 2025/06/17, 07:01:57,17.4,,93.1,,,
 2025/06/17, 07:11:57,18,,92.2,,,
 2025/06/17, 07:21:57,18.1,,90.6,,,
 2025/06/17, 07:31:57,17.8,,91.4,,,
 2025/06/17, 07:41:57,17.9,,91.6,,,
 2025/06/17, 07:51:57,18.4,,90.5,,,
 2025/06/17, 08:01:57,18.8,,88.5,,,
 2025/06/17, 08:11:57,18.9,,89,,,
 2025/06/17, 08:21:57,19.2,,89,,,
 2025/06/17, 08:31:57,18.9,,89.1,,,
 2025/06/17, 08:41:57,19.6,,87.7,,,
 2025/06/17, 08:51:57,19.6,,87.4,,,
 2025/06/17, 09:01:57,20.3,,85.2,,,
 2025/06/17, 09:11:57,21.8,,81.7,,,
 2025/06/17, 09:21:57,21.4,,82.6,,,
 2025/06/17, 09:31:57,22.1,,81.5,,,
 2025/06/17, 09:41:57,22.7,,79.4,,,
 2025/06/17, 09:51:57,21.3,,80,,,
 2025/06/17, 10:01:57,21.6,,80.2,,,
 2025/06/17, 10:11:57,20.7,,81.7,,,
 2025/06/17, 10:21:57,20.9,,82.7,,,
 2025/06/17, 10:31:57,21.2,,82.7,,,
 2025/06/17, 10:41:57,21.7,,81.7,,,
 2025/06/17, 10:51:57,23.2,,76.8,,,
 2025/06/17, 11:01:57,22.8,,77.8,,,
 2025/06/17, 11:11:57,23.9,,76.1,,,
 2025/06/17, 11:21:57,24.5,,73.3,,,
 2025/06/17, 11:31:57,23.4,,74.2,,,
 2025/06/17, 11:41:57,23.9,,74,,,
 2025/06/17, 11:51:57,23.3,,74.4,,,
 2025/06/17, 12:01:57,22.2,,78.3,,,
 2025/06/17, 12:11:57,22.1,,79.1,,,
 2025/06/17, 12:21:57,24.4,,75.1,,,
 2025/06/17, 12:31:57,27,,68.7,,,
 2025/06/17, 12:41:57,29.3,,64.1,,,
 2025/06/17, 12:51:57,29.2,,61.3,,,
 2025/06/17, 13:01:57,29,,62.3,,,
 2025/06/17, 13:11:57,28.2,,63,,,
 2025/06/17, 13:21:57,26.1,,67.2,,,
 2025/06/17, 13:31:57,26.1,,68.4,,,
 2025/06/17, 13:41:57,26.5,,68.3,,,
 2025/06/17, 13:51:57,24.3,,70.9,,,
 2025/06/17, 14:01:57,23.5,,76.1,,,
 2025/06/17, 14:11:57,22.7,,78.7,,,
 2025/06/17, 14:21:57,22.7,,79,,,
 2025/06/17, 14:31:57,22.8,,79.6,,,
 2025/06/17, 14:41:57,22.9,,79.7,,,
 2025/06/17, 14:51:57,23,,78.9,,,
 2025/06/17, 15:01:57,22.3,,81.5,,,
 2025/06/17, 15:11:57,22,,83,,,
 2025/06/17, 15:21:57,22.3,,82.1,,,
 2025/06/17, 15:31:57,22.6,,81.8,,,
 2025/06/17, 15:41:57,22.1,,83.2,,,
 2025/06/17, 15:51:57,22,,83.5,,,
 2025/06/17, 16:01:57,21.6,,84.2,,,
 2025/06/17, 16:11:57,21.2,,85.9,,,
 2025/06/17, 16:21:57,20.8,,86.7,,,
 2025/06/17, 16:31:57,21,,87.7,,,
 2025/06/17, 16:41:57,21.5,,86.3,,,
 2025/06/17, 16:51:57,21.4,,87.2,,,
 2025/06/17, 17:01:57,21,,88,,,
 2025/06/17, 17:11:57,20.5,,90.5,,,
 2025/06/17, 17:21:57,20.1,,91.4,,,
 2025/06/17, 17:31:57,20.2,,92.2,,,
 2025/06/17, 17:41:57,21,,90.4,,,
 2025/06/17, 17:51:57,21.7,,88.1,,,
 2025/06/17, 18:01:57,21.4,,88.1,,,
 2025/06/17, 18:11:57,21.1,,89.3,,,
 2025/06/17, 18:21:57,21.3,,89,,,
 2025/06/17, 18:31:57,21.6,,87.7,,,
 2025/06/17, 18:41:57,21.9,,87.4,,,
 2025/06/17, 18:51:57,22.2,,86.4,,,
 2025/06/17, 19:01:57,21.6,,87.8,,,
 2025/06/17, 19:11:57,21.1,,88.8,,,
 2025/06/17, 19:21:57,20.9,,90.2,,,
 2025/06/17, 19:31:57,20.8,,90.9,,,
 2025/06/17, 19:41:57,20.7,,91,,,
 2025/06/17, 19:51:57,20.6,,91.3,,,
 2025/06/17, 20:01:57,20.5,,92.2,,,
 2025/06/17, 20:11:57,20.5,,92.3,,,
 2025/06/17, 20:21:57,20.4,,93.1,,,
 2025/06/17, 20:31:57,20.3,,93.5,,,
 2025/06/17, 20:41:57,20.1,,94.2,,,
 2025/06/17, 20:51:57,20.1,,94.6,,,
 2025/06/17, 21:01:57,20,,94.8,,,
 2025/06/17, 21:11:57,20,,95.4,,,
 2025/06/17, 21:21:57,20,,95.4,,,
 2025/06/17, 21:31:57,19.9,,95.7,,,
 2025/06/17, 21:41:57,19.9,,95.7,,,
 2025/06/17, 21:51:57,19.7,,95.7,,,
 2025/06/17, 22:01:57,19.5,,95.8,,,
 2025/06/17, 22:11:57,19.4,,96.3,,,
 2025/06/17, 22:21:57,19.6,,96.7,,,
 2025/06/17, 22:31:57,19.7,,96.9,,,
 2025/06/17, 22:41:57,19.7,,96.9,,,
 2025/06/17, 22:51:57,19.9,,96.8,,,
 2025/06/17, 23:01:57,19.8,,96.4,,,
 2025/06/17, 23:11:57,19.7,,96.6,,,
 2025/06/17, 23:21:57,19.6,,96.6,,,
 2025/06/17, 23:31:57,19.7,,96.9,,,
 2025/06/17, 23:41:57,19.8,,96.5,,,
 2025/06/17, 23:51:57,19.9,,96.6,,,
 2025/06/18, 00:01:57,20,,96.6,,,
 2025/06/18, 00:11:57,20,,96.7,,,
 2025/06/18, 00:21:57,19.9,,96.8,,,
 2025/06/18, 00:31:57,20,,96.9,,,
 2025/06/18, 00:41:57,19.9,,96.7,,,
 2025/06/18, 00:51:57,19.6,,96.8,,,
 2025/06/18, 01:01:57,19.5,,97.1,,,
 2025/06/18, 01:11:57,19.5,,97.2,,,
 2025/06/18, 01:21:57,19.4,,97.3,,,
 2025/06/18, 01:31:57,19.4,,97.4,,,
 2025/06/18, 01:41:57,19.2,,97.5,,,
 2025/06/18, 01:51:57,19.2,,97.6,,,
 2025/06/18, 02:01:57,19.2,,97.6,,,
 2025/06/18, 02:11:57,19.1,,97.7,,,
 2025/06/18, 02:21:57,19.3,,98,,,
 2025/06/18, 02:31:57,19.5,,98.1,,,
 2025/06/18, 02:41:57,19.5,,98.1,,,
 2025/06/18, 02:51:57,19.4,,98.2,,,
 2025/06/18, 03:01:57,19.4,,98.3,,,
 2025/06/18, 03:11:57,19.4,,98.5,,,
 2025/06/18, 03:21:57,19.4,,98.5,,,
 2025/06/18, 03:31:57,19.4,,98.5,,,
 2025/06/18, 03:41:57,19.4,,98.6,,,
 2025/06/18, 03:51:57,19.4,,98.6,,,
 2025/06/18, 04:01:57,19.3,,98.6,,,
 2025/06/18, 04:11:57,19,,98.5,,,
 2025/06/18, 04:21:57,19,,98.6,,,
 2025/06/18, 04:31:57,18.7,,98.6,,,
 2025/06/18, 04:41:57,18.6,,98.7,,,
 2025/06/18, 04:51:57,18.7,,98.8,,,
 2025/06/18, 05:01:57,18.6,,98.8,,,
 2025/06/18, 05:11:57,18.6,,98.9,,,
 2025/06/18, 05:21:57,18.5,,98.9,,,
 2025/06/18, 05:31:57,18.4,,98.9,,,
 2025/06/18, 05:41:57,18.3,,98.9,,,
 2025/06/18, 05:51:57,18.4,,99.1,,,
 2025/06/18, 06:01:57,18.7,,99.1,,,
 2025/06/18, 06:11:57,19,,99,,,
 2025/06/18, 06:21:57,19.2,,98.9,,,
 2025/06/18, 06:31:57,19.4,,98.9,,,
 2025/06/18, 06:41:57,19.6,,98.7,,,
 2025/06/18, 06:51:57,20,,98.5,,,
 2025/06/18, 07:01:57,20.3,,97.9,,,
 2025/06/18, 07:11:57,20.4,,97,,,
 2025/06/18, 07:21:57,21.1,,95.5,,,
 2025/06/18, 07:31:57,21.7,,93,,,
 2025/06/18, 07:41:57,21.8,,92.7,,,
 2025/06/18, 07:51:57,21.8,,91.3,,,
 2025/06/18, 08:01:57,21.7,,91.8,,,
 2025/06/18, 08:11:57,21.5,,92.1,,,
 2025/06/18, 08:21:57,22,,91.6,,,
 2025/06/18, 08:31:57,22.6,,89.7,,,
 2025/06/18, 08:41:57,22.7,,89.8,,,
 2025/06/18, 08:51:57,22.9,,88.6,,,
 2025/06/18, 09:01:57,23.9,,87.5,,,
 2025/06/18, 09:11:57,24.6,,85.1,,,
 2025/06/18, 09:21:57,25.5,,83.8,,,
 2025/06/18, 09:31:57,26.3,,77.3,,,
 2025/06/18, 09:41:57,26.7,,76.2,,,
 2025/06/18, 09:51:57,28,,74.5,,,
 2025/06/18, 10:01:57,28.1,,71.7,,,
 2025/06/18, 10:11:57,27.3,,74.4,,,
 2025/06/18, 10:21:57,27.6,,73.3,,,
 2025/06/18, 10:31:57,27.1,,74.6,,,
 2025/06/18, 10:41:57,27.2,,75.4,,,
 2025/06/18, 10:51:57,28.2,,73.8,,,
 2025/06/18, 11:01:57,31,,64.7,,,
 2025/06/18, 11:11:57,32,,58.4,,,
 2025/06/18, 11:21:57,34.2,,56.3,,,
 2025/06/18, 11:31:57,32.8,,57.1,,,
 2025/06/18, 11:41:57,31.4,,58.7,,,
 2025/06/18, 11:51:57,31.1,,62.7,,,
 2025/06/18, 12:01:57,30.4,,63.2,,,
 2025/06/18, 12:11:57,28.9,,66.9,,,
 2025/06/18, 12:21:57,33.2,,62.6,,,
 2025/06/18, 12:31:57,37.5,,51.4,,,
 2025/06/18, 12:41:57,37.6,,48.6,,,
 2025/06/18, 12:51:57,40.7,,43.6,,,
 2025/06/18, 13:01:57,39.5,,44.8,,,
 2025/06/18, 13:11:57,36.7,,47.2,,,
 2025/06/18, 13:21:57,36.1,,48.8,,,
 2025/06/18, 13:31:57,31.1,,56,,,
 2025/06/18, 13:41:57,28,,65.7,,,
 2025/06/18, 13:51:57,28.7,,65.4,,,
 2025/06/18, 14:01:57,27.3,,68.1,,,
 2025/06/18, 14:11:57,28.6,,69.2,,,
 2025/06/18, 14:21:57,35.1,,55.2,,,
 2025/06/18, 14:31:57,36.6,,52.9,,,
 2025/06/18, 14:41:57,34.8,,55,,,
 2025/06/18, 14:51:57,33.5,,56.5,,,
 2025/06/18, 15:01:57,35.6,,53.9,,,
 2025/06/18, 15:11:57,34,,53.1,,,
 2025/06/18, 15:21:57,33.5,,56.6,,,
 2025/06/18, 15:31:57,38.8,,49.4,,,
 2025/06/18, 15:41:57,39.6,,47.2,,,
 2025/06/18, 15:51:57,39.9,,45,,,
 2025/06/18, 16:01:57,41.9,,40.7,,,
 2025/06/18, 16:11:57,38.4,,43.7,,,
 2025/06/18, 16:21:57,39.6,,44.4,,,
 2025/06/18, 16:31:57,39.6,,42.8,,,
 2025/06/18, 16:41:57,39.7,,43.1,,,
 2025/06/18, 16:51:57,40.8,,42.4,,,
 2025/06/18, 17:01:57,39,,42.6,,,
 2025/06/18, 17:11:57,37.9,,44,,,
 2025/06/18, 17:21:57,35.8,,47,,,
 2025/06/18, 17:31:57,31.8,,56.1,,,
 2025/06/18, 17:41:57,35.1,,50.4,,,
 2025/06/18, 17:51:57,32.7,,56.7,,,
 2025/06/18, 18:01:57,29.6,,63.1,,,
 2025/06/18, 18:11:57,28.5,,66.2,,,
 2025/06/18, 18:21:57,28.5,,67.7,,,
 2025/06/18, 18:31:57,28.2,,67.5,,,
 2025/06/18, 18:41:57,27.6,,68.7,,,
 2025/06/18, 18:51:57,28.8,,68.1,,,
 2025/06/18, 19:01:57,28.2,,71.2,,,
 2025/06/18, 19:11:57,26.6,,75.7,,,
 2025/06/18, 19:21:57,25.3,,80,,,
 2025/06/18, 19:31:57,24.2,,82.6,,,
 2025/06/18, 19:41:57,23.9,,81.5,,,
 2025/06/18, 19:51:57,23.3,,83.6,,,
 2025/06/18, 20:01:57,22.9,,85.6,,,
 2025/06/18, 20:11:57,22.7,,87.1,,,
 2025/06/18, 20:21:57,22.6,,88,,,
 2025/06/18, 20:31:57,22.2,,86.3,,,
 2025/06/18, 20:41:57,20.2,,92.3,,,
 2025/06/18, 20:51:57,20.2,,93.2,,,
 2025/06/18, 21:01:57,20.2,,92.1,,,
 2025/06/18, 21:11:57,20.2,,91.8,,,
 2025/06/18, 21:21:57,20,,92.4,,,
 2025/06/18, 21:31:57,19.9,,93,,,
 2025/06/18, 21:41:57,19.6,,92.5,,,
 2025/06/18, 21:51:57,19.2,,93,,,
 2025/06/18, 22:01:57,18.9,,93.7,,,
 2025/06/18, 22:11:57,18.6,,94.2,,,
 2025/06/18, 22:21:57,18.4,,94.7,,,
 2025/06/18, 22:31:57,18.5,,94.9,,,
 2025/06/18, 22:41:57,18.3,,95,,,
 2025/06/18, 22:51:57,18.2,,95.3,,,
 2025/06/18, 23:01:57,17.9,,95.4,,,
 2025/06/18, 23:11:57,17.8,,95.6,,,
 2025/06/18, 23:21:57,17.5,,95.6,,,
 2025/06/18, 23:31:57,17.6,,96.2,,,
 2025/06/18, 23:41:57,17.5,,96.2,,,
 2025/06/18, 23:51:57,17.4,,96.2,,,
 2025/06/19, 00:01:57,17.2,,96.3,,,
 2025/06/19, 00:11:57,17.2,,96.3,,,
 2025/06/19, 00:21:57,17.2,,96.5,,,
 2025/06/19, 00:31:57,17.1,,96.7,,,
 2025/06/19, 00:41:57,17.1,,96.8,,,
 2025/06/19, 00:51:57,17.2,,96.8,,,
 2025/06/19, 01:01:57,17.2,,97,,,
 2025/06/19, 01:11:57,17,,96.8,,,
 2025/06/19, 01:21:57,17,,97,,,
 2025/06/19, 01:31:57,17.2,,97.3,,,
 2025/06/19, 01:41:57,17.4,,97.4,,,
 2025/06/19, 01:51:57,17.7,,97.5,,,
 2025/06/19, 02:01:57,17.7,,97.5,,,
 2025/06/19, 02:11:57,17.8,,97.8,,,
 2025/06/19, 02:21:57,17.8,,97.8,,,
 2025/06/19, 02:31:57,17.8,,97.8,,,
 2025/06/19, 02:41:57,17.7,,97.7,,,
 2025/06/19, 02:51:57,17.5,,97.8,,,
 2025/06/19, 03:01:57,17.4,,97.9,,,
 2025/06/19, 03:11:57,17.3,,97.9,,,
 2025/06/19, 03:21:57,17.1,,97.9,,,
 2025/06/19, 03:31:57,16.9,,97.9,,,
 2025/06/19, 03:41:57,16.7,,97.9,,,
 2025/06/19, 03:51:57,16.7,,98.1,,,
 2025/06/19, 04:01:57,16.7,,98.1,,,
 2025/06/19, 04:11:57,16.9,,98.2,,,
 2025/06/19, 04:21:57,16.9,,98.3,,,
 2025/06/19, 04:31:57,17.1,,98.3,,,
 2025/06/19, 04:41:57,16.8,,98.2,,,
 2025/06/19, 04:51:57,16.4,,98.3,,,
 2025/06/19, 05:01:57,16.5,,98.6,,,
 2025/06/19, 05:11:57,16.5,,98.5,,,
 2025/06/19, 05:21:57,16.3,,98.5,,,
 2025/06/19, 05:31:57,16.2,,98.5,,,
 2025/06/19, 05:41:57,16,,98.5,,,
 2025/06/19, 05:51:57,16.1,,98.6,,,
 2025/06/19, 06:01:57,16.4,,98.5,,,
 2025/06/19, 06:11:57,16.8,,98.4,,,
 2025/06/19, 06:21:57,17.6,,98.3,,,
 2025/06/19, 06:31:57,21.2,,91.3,,,
 2025/06/19, 06:41:57,21.3,,89.1,,,
 2025/06/19, 06:51:57,22.5,,88.7,,,
 2025/06/19, 07:01:57,27.2,,74.9,,,
 2025/06/19, 07:11:57,29.4,,68.8,,,
 2025/06/19, 07:21:57,31.3,,65.1,,,
 2025/06/19, 07:31:57,32.5,,60.2,,,
 2025/06/19, 07:41:57,30.3,,61,,,
 2025/06/19, 07:51:57,29,,64,,,
 2025/06/19, 08:01:57,29.7,,63.6,,,
 2025/06/19, 08:11:57,30.2,,61.9,,,
 2025/06/19, 08:21:57,30.7,,61.4,,,
 2025/06/19, 08:31:57,31.7,,59.8,,,
 2025/06/19, 08:41:57,31.7,,56.6,,,
 2025/06/19, 08:51:57,32.3,,54.7,,,
 2025/06/19, 09:01:57,32.8,,52.6,,,
 2025/06/19, 09:11:57,32.6,,52.7,,,
 2025/06/19, 09:21:57,31.7,,53,,,
 2025/06/19, 09:31:57,32.5,,53.4,,,
 2025/06/19, 09:41:57,32.7,,52.8,,,
 2025/06/19, 09:51:57,32.3,,51.1,,,
 2025/06/19, 10:01:57,32.3,,51.1,,,
 2025/06/19, 10:11:57,31.6,,53.9,,,
 2025/06/19, 10:21:57,32.4,,51,,,
 2025/06/19, 10:31:57,33.4,,51.8,,,
 2025/06/19, 10:41:57,32.9,,49.4,,,
 2025/06/19, 10:51:57,33.8,,49,,,
 2025/06/19, 11:01:57,33.3,,51,,,
 2025/06/19, 11:11:57,29.2,,56.7,,,
 2025/06/19, 11:21:57,31.2,,53.6,,,
 2025/06/19, 11:31:57,32.2,,51.5,,,
 2025/06/19, 11:41:57,34.7,,46.7,,,
 2025/06/19, 11:51:57,34.8,,44.2,,,
 2025/06/19, 12:01:57,32.3,,51,,,
 2025/06/19, 12:11:57,32.9,,50.4,,,
 2025/06/19, 12:21:57,34,,47.9,,,
 2025/06/19, 12:31:57,31.5,,50,,,
 2025/06/19, 12:41:57,32,,53.1,,,
 2025/06/19, 12:51:57,35.1,,42.3,,,
 2025/06/19, 13:01:57,35.4,,42,,,
 2025/06/19, 13:11:57,35.7,,43.2,,,
 2025/06/19, 13:21:57,32.5,,44.2,,,
 2025/06/19, 13:31:57,30.1,,50.5,,,
 2025/06/19, 13:41:57,34,,45.3,,,
 2025/06/19, 13:51:57,35.5,,40.7,,,
 2025/06/19, 14:01:57,35.3,,40.9,,,
 2025/06/19, 14:11:57,34.6,,40.9,,,
 2025/06/19, 14:21:57,35.1,,41.1,,,
 2025/06/19, 14:31:57,36.6,,41.1,,,
 2025/06/19, 14:41:57,36.4,,38.6,,,
 2025/06/19, 14:51:57,36.9,,38.7,,,
 2025/06/19, 15:01:57,37.4,,37.2,,,
 2025/06/19, 15:11:57,35.8,,38.8,,,
 2025/06/19, 15:21:57,34.3,,40.9,,,
 2025/06/19, 15:31:57,35.2,,39.9,,,
 2025/06/19, 15:41:57,31.8,,45.2,,,
 2025/06/19, 15:51:57,31.3,,46.8,,,
 2025/06/19, 16:01:57,32.9,,45.3,,,
 2025/06/19, 16:11:57,32.5,,46.8,,,
 2025/06/19, 16:21:57,31.2,,47.4,,,
 2025/06/19, 16:31:57,30.4,,49.1,,,
 2025/06/19, 16:41:57,31.8,,47.5,,,
 2025/06/19, 16:51:57,31.5,,47.4,,,
 2025/06/19, 17:01:57,31.8,,47.1,,,
 2025/06/19, 17:11:57,35,,40.4,,,
 2025/06/19, 17:21:57,31.7,,47.2,,,
 2025/06/19, 17:31:57,30.2,,50.2,,,
 2025/06/19, 17:41:57,31.1,,50.4,,,
 2025/06/19, 17:51:57,30.3,,50.5,,,
 2025/06/19, 18:01:57,27.7,,56.6,,,
 2025/06/19, 18:11:57,26.8,,59.9,,,
 2025/06/19, 18:21:57,24.8,,63,,,
 2025/06/19, 18:31:57,24.2,,66.6,,,
 2025/06/19, 18:41:57,24.3,,66.6,,,
 2025/06/19, 18:51:57,24.7,,64.5,,,
 2025/06/19, 19:01:57,24.8,,64.5,,,
 2025/06/19, 19:11:57,24.1,,67.4,,,
 2025/06/19, 19:21:57,23.3,,67.8,,,
 2025/06/19, 19:31:57,22.9,,69.7,,,
 2025/06/19, 19:41:57,22.7,,69.6,,,
 2025/06/19, 19:51:57,22.4,,70.6,,,
 2025/06/19, 20:01:57,22.2,,72.1,,,
 2025/06/19, 20:11:57,22,,72.7,,,
 2025/06/19, 20:21:57,20.7,,81.9,,,
 2025/06/19, 20:31:57,20,,82.5,,,
 2025/06/19, 20:41:57,19.5,,83.8,,,
 2025/06/19, 20:51:57,19.1,,84,,,
 2025/06/19, 21:01:57,18.8,,82.6,,,
 2025/06/19, 21:11:57,18.5,,83.4,,,
 2025/06/19, 21:21:57,18.1,,83.2,,,
 2025/06/19, 21:31:57,17.8,,84.2,,,
 2025/06/19, 21:41:57,17.6,,83.1,,,
 2025/06/19, 21:51:57,17.4,,82.2,,,
 2025/06/19, 22:01:57,17.4,,82,,,
 2025/06/19, 22:11:57,17.3,,82,,,
 2025/06/19, 22:21:57,17.3,,81.8,,,
 2025/06/19, 22:31:57,17.2,,81.4,,,
 2025/06/19, 22:41:57,17.1,,81.1,,,
 2025/06/19, 22:51:57,16.4,,81.8,,,
 2025/06/19, 23:01:57,16.3,,83,,,
 2025/06/19, 23:11:57,16.7,,82,,,
 2025/06/19, 23:21:57,16.2,,82.1,,,
 2025/06/19, 23:31:57,15.9,,84.1,,,
 2025/06/19, 23:41:57,16.1,,82.3,,,
 2025/06/19, 23:51:57,15.8,,82.5,,,
 2025/06/20, 00:01:57,15.8,,82.6,,,
 2025/06/20, 00:11:57,15.5,,83.7,,,
 2025/06/20, 00:21:57,15.8,,82.7,,,
 2025/06/20, 00:31:57,15.7,,82.8,,,
 2025/06/20, 00:41:57,15.6,,82.4,,,
 2025/06/20, 00:51:57,15.8,,82,,,
 2025/06/20, 01:01:57,15.8,,81.5,,,
 2025/06/20, 01:11:57,15.8,,81.2,,,
 2025/06/20, 01:21:57,15.5,,82.4,,,
 2025/06/20, 01:31:57,15.5,,82.5,,,
 2025/06/20, 01:41:57,15.5,,82.6,,,
 2025/06/20, 01:51:57,15.3,,82.6,,,
 2025/06/20, 02:01:57,15.2,,83.8,,,
 2025/06/20, 02:11:57,14.8,,84.6,,,
 2025/06/20, 02:21:57,14.6,,86.3,,,
 2025/06/20, 02:31:57,14.4,,87.7,,,
 2025/06/20, 02:41:57,14.1,,88.6,,,
 2025/06/20, 02:51:57,14.1,,89.4,,,
 2025/06/20, 03:01:57,14.5,,88.7,,,
 2025/06/20, 03:11:57,14.5,,89,,,
 2025/06/20, 03:21:57,14.7,,88.5,,,
 2025/06/20, 03:31:57,14.6,,88.9,,,
 2025/06/20, 03:41:57,14.5,,89.3,,,
 2025/06/20, 03:51:57,14.4,,90,,,
 2025/06/20, 04:01:57,14.1,,91.1,,,
 2025/06/20, 04:11:57,13.7,,92.4,,,
 2025/06/20, 04:21:57,13.4,,93.3,,,
 2025/06/20, 04:31:57,13.3,,94.2,,,
 2025/06/20, 04:41:57,13.4,,94.7,,,
 2025/06/20, 04:51:57,13.1,,94.8,,,
 2025/06/20, 05:01:57,13.1,,95.7,,,
 2025/06/20, 05:11:57,13.3,,96.2,,,
 2025/06/20, 05:21:57,13.4,,96.3,,,
 2025/06/20, 05:31:57,13.6,,96.3,,,
 2025/06/20, 05:41:57,13.6,,96.3,,,
 2025/06/20, 05:51:57,14.3,,96,,,
 2025/06/20, 06:01:57,14.8,,94.5,,,
 2025/06/20, 06:11:57,15.2,,92,,,
 2025/06/20, 06:21:57,15.3,,91.2,,,
 2025/06/20, 06:31:57,17.9,,83.8,,,
 2025/06/20, 06:41:57,17.3,,83.2,,,
 2025/06/20, 06:51:57,18.4,,82.2,,,
 2025/06/20, 07:01:57,22.3,,67.7,,,
 2025/06/20, 07:11:57,23.8,,63.4,,,
 2025/06/20, 07:21:57,25,,60.1,,,
 2025/06/20, 07:31:57,25.6,,54.8,,,
 2025/06/20, 07:41:57,22.6,,64.5,,,
 2025/06/20, 07:51:57,23.5,,61.7,,,
 2025/06/20, 08:01:57,23.6,,62.8,,,
 2025/06/20, 08:11:57,22.9,,63.8,,,
 2025/06/20, 08:21:57,24.1,,62.5,,,
 2025/06/20, 08:31:57,24.9,,60.9,,,
 2025/06/20, 08:41:57,27.6,,53.8,,,
 2025/06/20, 08:51:57,28.8,,49.2,,,
 2025/06/20, 09:01:57,29.5,,49.7,,,
 2025/06/20, 09:11:57,30.1,,46.6,,,
 2025/06/20, 09:21:57,28.8,,49.3,,,
 2025/06/20, 09:31:57,27.7,,52.9,,,
 2025/06/20, 09:41:57,28.3,,51.3,,,
 2025/06/20, 09:51:57,29.1,,48.8,,,
 2025/06/20, 10:01:57,28.8,,49.5,,,
 2025/06/20, 10:11:57,28.7,,50.9,,,
 2025/06/20, 10:21:57,29,,50.1,,,
 2025/06/20, 10:31:57,29.2,,50,,,
 2025/06/20, 10:41:57,29.1,,51,,,
 2025/06/20, 10:51:57,30.2,,48.3,,,
 2025/06/20, 11:01:57,31.2,,46.9,,,
 2025/06/20, 11:11:57,31.3,,44.4,,,
 2025/06/20, 11:21:57,31.5,,44.2,,,
 2025/06/20, 11:31:57,31.6,,44.4,,,
 2025/06/20, 11:41:57,32.7,,41.6,,,
 2025/06/20, 11:51:57,32.3,,40.7,,,
 2025/06/20, 12:01:57,32.7,,41.3,,,
 2025/06/20, 12:11:57,33.6,,39.8,,,
 2025/06/20, 12:21:57,33.1,,39.2,,,
 2025/06/20, 12:31:57,33.3,,40,,,
 2025/06/20, 12:41:57,32.1,,41.9,,,
 2025/06/20, 12:51:57,34,,36.1,,,
 2025/06/20, 13:01:57,33.5,,39.2,,,
 2025/06/20, 13:11:57,31.9,,42.5,,,
 2025/06/20, 13:21:57,31.3,,42.3,,,
 2025/06/20, 13:31:57,29.5,,46.1,,,
 2025/06/20, 13:41:57,31.4,,43,,,
 2025/06/20, 13:51:57,32.5,,39.9,,,
 2025/06/20, 14:01:57,33.4,,38,,,
 2025/06/20, 14:11:57,29.2,,44.8,,,
 2025/06/20, 14:21:57,29.7,,45.4,,,
 2025/06/20, 14:31:57,33.6,,38.7,,,
 2025/06/20, 14:41:57,33.7,,37.6,,,
 2025/06/20, 14:51:57,30.6,,40.4,,,
 2025/06/20, 15:01:57,30.8,,41.5,,,
 2025/06/20, 15:11:57,28.5,,45.3,,,
 2025/06/20, 15:21:57,27.1,,48.7,,,
 2025/06/20, 15:31:57,29.3,,47.4,,,
 2025/06/20, 15:41:57,29.2,,48.1,,,
 2025/06/20, 15:51:57,30.5,,45.9,,,
 2025/06/20, 16:01:57,35.1,,37.1,,,
 2025/06/20, 16:11:57,34.8,,37,,,
 2025/06/20, 16:21:57,29.2,,43.9,,,
 2025/06/20, 16:31:57,28.9,,45.7,,,
 2025/06/20, 16:41:57,32.1,,41.2,,,
 2025/06/20, 16:51:57,35.1,,37.4,,,
 2025/06/20, 17:01:57,32.8,,38.8,,,
 2025/06/20, 17:11:57,29.6,,42.9,,,
 2025/06/20, 17:21:57,27.9,,47.8,,,
 2025/06/20, 17:31:57,27.9,,48.9,,,
 2025/06/20, 17:41:57,27.1,,49.6,,,
 2025/06/20, 17:51:57,25.6,,52.9,,,
 2025/06/20, 18:01:57,25.5,,53.6,,,
 2025/06/20, 18:11:57,25.7,,55.7,,,
 2025/06/20, 18:21:57,24.8,,61.2,,,
 2025/06/20, 18:31:57,23.7,,64.9,,,
 2025/06/20, 18:41:57,23.2,,67.7,,,
 2025/06/20, 18:51:57,22.8,,71,,,
 2025/06/20, 19:01:57,22.2,,68.8,,,
 2025/06/20, 19:11:57,21.7,,71.7,,,
 2025/06/20, 19:21:57,21.2,,72.4,,,
 2025/06/20, 19:31:57,21,,74.2,,,
 2025/06/20, 19:41:57,20.7,,75.2,,,
 2025/06/20, 19:51:57,20.5,,76.5,,,
 2025/06/20, 20:01:57,20.4,,77.1,,,
 2025/06/20, 20:11:57,20.3,,79.1,,,
 2025/06/20, 20:21:57,20.1,,78.7,,,
 2025/06/20, 20:31:57,19.8,,79.5,,,
 2025/06/20, 20:41:57,19.6,,80.6,,,
 2025/06/20, 20:51:57,19.3,,81.5,,,
 2025/06/20, 21:01:57,19.2,,82.3,,,
 2025/06/20, 21:11:57,19.2,,80.4,,,
 2025/06/20, 21:21:57,19.1,,80.6,,,
 2025/06/20, 21:31:57,18.8,,82.7,,,
 2025/06/20, 21:41:57,18.4,,83.9,,,
 2025/06/20, 21:51:57,18.1,,86.5,,,
 2025/06/20, 22:01:57,17.9,,87.2,,,
 2025/06/20, 22:11:57,17.7,,86.9,,,
 2025/06/20, 22:21:57,17.5,,87.7,,,
 2025/06/20, 22:31:57,17,,88.1,,,
 2025/06/20, 22:41:57,16.7,,89.7,,,
 2025/06/20, 22:51:57,16.5,,90.1,,,
 2025/06/20, 23:01:57,16.3,,91.2,,,
 2025/06/20, 23:11:57,16.1,,91.7,,,
 2025/06/20, 23:21:57,15.8,,92.5,,,
